2023-08-07 12:30:07.549625,"{'type': 'message', 'body': 'Starting task t2_assessment, uuid: 5548801a-3deb-4ea8-aa7f-6428a29d69ed.'}"
2023-08-07 12:30:07.550676,"{'type': 'message', 'body': 'Running task ASSESSMENT, uuid: 5548801a-3deb-4ea8-aa7f-6428a29d69ed.'}"
2023-08-07 12:30:07.550676,"{'type': 'results_text', 'body': "## Feasibility Assessment on the company's goals"}"
2023-08-07 12:30:07.550676,"{'type': 'progress_info', 'body': 'increase sales revenue by 20% compared to last year (from 10M to 12M); actions assessed:'}"
2023-08-07 12:30:07.551702,"{'type': 'results_text', 'body': '### Goal Assessment for: increase sales revenue by 20% compared to last year (from 10M to 12M)'}"
2023-08-07 12:30:08.644358,"{'type': 'results_text', 'body': '#### Action: increase headcount'}"
2023-08-07 12:30:12.068362,"{'type': 'results_text', 'body': '```json\n{\n    "question": "List all the things that the company is doing or has planned to do to carry out the following action: increase headcount.",\n    "answer": [\n        {\n            "fact": "TechConnect plans to increase headcount by hiring more employees in various departments.",\n            "substring_quote": [\n                "Various Departments and Headcount:"\n            ]\n        }\n    ]\n}\n```'}"
2023-08-07 12:30:12.068362,"{'type': 'progress_info', 'body': '- increase headcount'}"
2023-08-07 12:30:12.068362,"{'type': 'results_text', 'body': '#### Action: increase price'}"
2023-08-07 12:30:28.461154,"{'type': 'results_text', 'body': '```json\n{\n    "question": "List all the things that the company is doing or has planned to do to carry out the following action: increase price.",\n    "answer": [\n        {\n            "fact": "TechConnect\'s primary focus is on expanding its market presence in the US. The company will establish distribution centers strategically located in key regions across the country.",\n            "substring_quote": [\n                "Market Expansion and Penetration"\n            ]\n        },\n        {\n            "fact": "By forging partnerships with major retailers and carriers, TechConnect aims to ensure its smartphones are easily accessible to consumers nationwide.",\n            "substring_quote": [\n                "Market Expansion and Penetration"\n            ]\n        },\n        {\n            "fact": "Aggressive marketing campaigns and promotional activities will help raise brand awareness and drive demand for their products.",\n            "substring_quote": [\n                "Market Expansion and Penetration"\n            ]\n        },\n        {\n            "fact": "TechConnect will continue to innovate and introduce a diverse range of smartphones and smart devices to cater to different customer segments.",\n            "substring_quote": [\n                "Product Diversification"\n            ]\n        },\n        {\n            "fact": "Marketing and partnerships will play a crucial role in driving sales and achieving these revenue milestones.",\n            "substring_quote": [\n                "Product Diversification"\n            ]\n        },\n        {\n            "fact": "Continuous innovation, customer-centric practices, and a focus on brand value will be the driving forces behind their success.",\n            "substring_quote": [\n                "Product Diversification"\n            ]\n        },\n        {\n            "fact": "TechConnect aims to leverage its established brand reputation in Canada and showcase its track record of delivering reliable and innovative smartphones.",\n            "substring_quote": [\n                "Established Brand Reputation"\n            ]\n        },\n        {\n            "fact": "Influencer marketing, endorsements, and partnerships with popular figures or organizations will further strengthen the brand\'s presence in the US market.",\n            "substring_quote": [\n                "Established Brand Reputation"\n            ]\n        },\n        {\n            "fact": "With the rapid growth of 5G technology, TechConnect will invest in research and development to incorporate 5G capabilities across its product lineup.",\n            "substring_quote": [\n                "Focus on 5G and Emerging Technologies"\n            ]\n        },\n        {\n            "fact": "TechConnect will explore emerging technologies such as augmented reality (AR), virtual reality (VR), and artificial intelligence (AI) to provide innovative and futuristic features to their devices.",\n            "substring_quote": [\n                "Focus on 5G and Emerging Technologies"\n            ]\n        }\n    ]\n}\n```'}"
2023-08-07 12:30:28.461659,"{'type': 'progress_info', 'body': '- increase price'}"
2023-08-07 12:30:28.461659,"{'type': 'results_text', 'body': '#### Action: enter new markets'}"
2023-08-07 12:30:28.461659,"{'type': 'results_text', 'body': '```json\n{\n    "question": "List all the things that the company is doing or has planned to do to carry out the following action: enter new markets.",\n    "answer": [\n        {\n            "fact": "Market Expansion and Penetration: TechConnect\'s primary focus is on expanding its market presence in the US. The company will establish distribution centers strategically located in key regions across the country. By forging partnerships with major retailers and carriers, TechConnect aims to ensure its smartphones are easily accessible to consumers nationwide. Aggressive marketing campaigns and promotional activities will help raise brand awareness and drive demand for their products.",\n            "substring_quote": [\n                "Market Expansion and Penetration:",\n                "establish distribution centers",\n                "forging partnerships with major retailers and carriers",\n                "Aggressive marketing campaigns and promotional activities"\n            ]\n        }\n    ]\n}\n```'}"
2023-08-07 12:30:28.461659,"{'type': 'progress_info', 'body': '- enter new markets'}"
2023-08-07 12:30:28.461659,"{'type': 'results_text', 'body': '#### Action: introduce new products'}"
2023-08-07 12:30:28.461659,"{'type': 'results_text', 'body': '```json\n{\n    "question": "List all the things that the company is doing or has planned to do to carry out the following action: introduce new products.",\n    "answer": [\n        {\n            "fact": "Market Expansion and Penetration: TechConnect\'s primary focus is on expanding its market presence in the US. The company will establish distribution centers strategically located in key regions across the country. By forging partnerships with major retailers and carriers, TechConnect aims to ensure its smartphones are easily accessible to consumers nationwide. Aggressive marketing campaigns and promotional activities will help raise brand awareness and drive demand for their products.",\n            "substring_quote": [\n                "Market Expansion and Penetration:",\n                "establish distribution centers",\n                "forging partnerships with major retailers and carriers",\n                "Aggressive marketing campaigns and promotional activities"\n            ]\n        },\n        {\n            "fact": "Product Diversification: TechConnect will continue to innovate and introduce a diverse range of smartphones and smart devices to cater to different customer segments. This includes flagship smartphones with cutting-edge features to attract tech enthusiasts, mid-range devices",\n            "substring_quote": [\n                "Product Diversification:",\n                "innovate and introduce a diverse range of smartphones and smart devices"\n            ]\n        }\n    ]\n}\n```'}"
2023-08-07 12:30:28.461659,"{'type': 'progress_info', 'body': '- introduce new products'}"
2023-08-07 12:30:28.461659,"{'type': 'results_text', 'body': '#### Action: combination'}"
2023-08-07 12:30:28.462666,"{'type': 'results_text', 'body': '```json\n{\n    "question": "List all the things that the company is doing or has planned to do to carry out the following action: combination.",\n    "answer": [\n        {\n            "fact": "Market Expansion and Penetration: TechConnect\'s primary focus is on expanding its market presence in the US. The company will establish distribution centers strategically located in key regions across the country. By forging partnerships with major retailers and carriers, TechConnect aims to ensure its smartphones are easily accessible to consumers nationwide. Aggressive marketing campaigns and promotional activities will help raise brand awareness and drive demand for their products.",\n            "substring_quote": [\n                "Market Expansion and Penetration:",\n                "establish distribution centers",\n                "forging partnerships with major retailers and carriers",\n                "Aggressive marketing campaigns and promotional activities"\n            ]\n        },\n        {\n            "fact": "Product Diversification: TechConnect will continue to innovate and introduce a diverse range of smartphones and smart devices to cater to different customer segments. This includes flagship smartphones with cutting-edge features to attract tech enthusiasts, mid-range devices",\n            "substring_quote": [\n                "Product Diversification:",\n                "innovate and introduce a diverse range of smartphones and smart devices"\n            ]\n        },\n        {\n            "fact": "Sustainable Practices and Social Responsibility: TechConnect recognizes the growing importance of sustainability and social responsibility in today\'s market. The company will implement eco-friendly manufacturing practices and focus on recycling and reducing waste. Emphasizing their commitment to environmental and social causes can resonate with conscious consumers and enhance brand loyalty.",\n            "substring_quote": [\n                "Sustainable Practices and Social Responsibility:",\n                "implement eco-friendly manufacturing practices",\n                "focus on recycling and reducing waste"\n            ]\n        },\n        {\n            "fact": "Strategic Marketing and Partnerships: TechConnect will invest in targeted marketing campaigns to create buzz around their products and promotions. They will collaborate with influencers, tech reviewers, and media outlets to generate positive reviews and coverage. Additionally, strategic partnerships with content creators, app developers, and other technology companies will provide cross-promotional opportunities and expand their customer reach.",\n            "substring_quote": [\n                "Strategic Marketing and Partnerships:",\n                "invest in targeted marketing campaigns",\n                "collaborate with influencers, tech reviewers, and media outlets",\n                "strategic partnerships with content creators, app developers, and other technology companies"\n            ]\n        }\n    ]\n}\n```'}"
2023-08-07 12:30:28.462666,"{'type': 'progress_info', 'body': '- combination'}"
2023-08-07 12:30:28.462666,"{'type': 'results_text', 'body': '#### Action: increase customer retention / decrease churn'}"
2023-08-07 12:30:28.462666,"{'type': 'results_text', 'body': '```json\n{\n    "question": "List all the things that the company is doing or has planned to do to carry out the following action: increase customer retention / decrease churn.",\n    "answer": [\n        {\n            "fact": "Market Expansion and Penetration: TechConnect\'s primary focus is on expanding its market presence in the US. The company will establish distribution centers strategically located in key regions across the country. By forging partnerships with major retailers and carriers, TechConnect aims to ensure its smartphones are easily accessible to consumers nationwide. Aggressive marketing campaigns and promotional activities will help raise brand awareness and drive demand for their products.",\n            "substring_quote": [\n                "Market Expansion and Penetration"\n            ]\n        },\n        {\n            "fact": "Product Diversification: TechConnect will continue to innovate and introduce a diverse range of smartphones and smart devices to cater to different customer segments. This includes flagship smartphones with cutting-edge features to attract tech enthusiasts, mid-range devices",\n            "substring_quote": [\n                "Product Diversification"\n            ]\n        },\n        {\n            "fact": "Continuous innovation, customer-centric practices, and a focus on brand value will be the driving forces behind their success.",\n            "substring_quote": [\n                "Continuous innovation, customer-centric practices"\n            ]\n        },\n        {\n            "fact": "Sustainable Practices and Social Responsibility: TechConnect recognizes the growing importance of sustainability and social responsibility in today\'s market. The company will implement eco-friendly manufacturing practices and focus on recycling and reducing waste. Emphasizing their commitment to environmental and social causes can resonate with conscious consumers and enhance brand loyalty.",\n            "substring_quote": [\n                "Sustainable Practices and Social Responsibility"\n            ]\n        },\n        {\n            "fact": "Strategic Marketing and Partnerships: TechConnect will invest in targeted marketing campaigns to create buzz around their products and promotions. They will collaborate with influencers, tech reviewers, and media outlets to generate positive reviews and coverage. Additionally, strategic partnerships with content creators, app developers, and other technology companies will provide cross-promotional opportunities and expand their customer reach.",\n            "substring_quote": [\n                "Strategic Marketing and Partnerships"\n            ]\n        }\n    ]\n}\n```'}"
2023-08-07 12:30:28.462666,"{'type': 'progress_info', 'body': '- increase customer retention / decrease churn'}"
2023-08-07 12:30:28.462666,"{'type': 'message', 'body': 'Finished task t2_assessment, uuid: 5548801a-3deb-4ea8-aa7f-6428a29d69ed. It took 0:00:20.913041.'}"
