2023-07-26 12:55:39.739677,{'type': 'message', 'body': 'Starting task t1_surfacing, uuid: f0766d45-fecd-41fc-826b-78cbc5e787a2.'}
2023-07-26 12:55:39.741681,{'type': 'message', 'body': 'Running task t1_surfacing, uuid: f0766d45-fecd-41fc-826b-78cbc5e787a2.'}
2023-07-26 12:55:39.741681,{'type': 'results_text', 'body': '## Company Objectives'}
2023-07-26 12:55:39.945466,{'type': 'progress_info', 'body': 'Financial objectives complete:'}
2023-07-26 12:55:39.946470,{'type': 'results_text', 'body': '### Category: Financial'}
2023-07-26 12:55:39.980742,{'type': 'results_text', 'body': '#### topic: Increasing Revenue'}
2023-07-26 12:55:39.990590,{'type': 'results_text', 'body': '##### Text Response'}
2023-07-26 12:55:53.111837,{'type': 'results_text', 'body': "```text\nBased on the provided context, here is a list of objectives addressing Increasing Revenue for the company:\n\n1. Objective: Increase revenue by 20% to $40M\n   - Source: C:\\Users\\Hendrix\\Documents\\GitHub\\strategy-ai\\backend\\strategy_ai\\available_data\\visible_files\\client_files\\2022 Business Planning + Goals.xlsx, on page: Mater Plan 2021\n   - Function: IncreaseRevenue()\n   - Details: The company aims to increase its revenue by 20% to reach $40M. This objective includes specific targets for booked and invoiced revenue, as well as the number of AIS units sold.\n\n2. Objective: Replace $5M in lost Amazon business\n   - Source: C:\\Users\\Hendrix\\Documents\\GitHub\\strategy-ai\\backend\\strategy_ai\\available_data\\visible_files\\client_files\\2022 Business Planning + Goals.xlsx, on page: Mater Plan 2021\n   - Function: ReplaceLostBusiness()\n   - Details: The company aims to replace the revenue lost from Amazon, which amounts to $5M. This objective focuses on finding alternative channels or strategies to compensate for the lost business.\n\n3. Objective: Drive 50% revenue from Direct Channel\n   - Source: C:\\Users\\Hendrix\\Documents\\GitHub\\strategy-ai\\backend\\strategy_ai\\available_data\\visible_files\\client_files\\2022 Business Planning + Goals.xlsx, on page: Mater Plan 2021\n   - Function: IncreaseDirectRevenue()\n   - Details: The company aims to increase its revenue from the direct channel to account for 50% of the total revenue. This objective emphasizes the importance of reducing dependence on other channels and increasing profitability through direct sales.\n\nSUGGESTIONS:\n- Expand to other adjacent markets such as off-road, exterior products, powersport, and industrial filtration.\n- Improve customer experience to reduce waiting time, eliminate hassle for issuing customer credit, and enhance overall satisfaction.\n- Increase production capacity for key products like air filters, intakes, and exhaust components.\n- Re-align the company with end-users and customers to better understand their needs and preferences.\n- Grow direct sales channels to reach a revenue target of $10M+.\n- Enhance the company's web presence by migrating to a more supported platform like Magento 2.0.\n\nSOURCES: C:\\Users\\Hendrix\\Documents\\GitHub\\strategy-ai\\backend\\strategy_ai\\available_data\\visible_files\\client_files\\2022 Business Planning + Goals.xlsx (Mater Plan 2021)\n```"}
2023-07-26 12:55:53.112837,{'type': 'results_text', 'body': '##### Function Response'}
2023-07-26 12:55:53.112837,{'type': 'results_text', 'body': '```json\n{\n  "objectives_list": [\n    {\n      "Verb": "Increase",\n      "Outcome": "production",\n      "Definition": "AIS-2K/Week, A/F 4K/Week, Exh C/B 500/wk",\n      "Source": "2022 Business Planning + Goals.xlsx, Mater Plan 2021"\n    },\n    {\n      "Verb": "Increase",\n      "Outcome": "revenue",\n      "Definition": "20%; to $40M Demand, $40M booked, $37.5M invoiced, 100,000 AIS units, $18.6M (79K) in 20",\n      "Source": "2022 Business Planning + Goals.xlsx, Mater Plan 2021"\n    },\n    {\n      "Verb": "Replace",\n      "Outcome": "lost Amazon business",\n      "Definition": "$5M",\n      "Source": "2022 Business Planning + Goals.xlsx, Mater Plan 2021"\n    }\n  ]\n}\n```'}
2023-07-26 12:55:53.112837,{'type': 'progress_info', 'body': '- Increasing Revenue'}
2023-07-26 12:55:53.112837,{'type': 'results_text', 'body': '#### topic: Cost Reduction'}
2023-07-26 12:55:53.113843,{'type': 'results_text', 'body': '##### Text Response'}
2023-07-26 12:55:53.113843,{'type': 'results_text', 'body': "```text\nBased on the available context, I couldn't find any specific objectives addressing Cost Reduction. However, I can provide some relevant suggestions based on the context:\n\n1. Reduce Payroll by 15%: Implement measures to optimize workforce efficiency and reduce labor costs.\n2. Reduce Fixed Expenses by $250K: Identify and eliminate unnecessary expenses to reduce overall fixed costs.\n3. Reduce Receiving by 20%: Streamline the receiving process to minimize costs associated with inventory management.\n\nThese suggestions aim to improve cost efficiency and reduce expenses, which can contribute to overall cost reduction for the company.\n```"}
2023-07-26 12:55:53.113843,{'type': 'results_text', 'body': '##### Function Response'}
2023-07-26 12:55:53.113843,{'type': 'results_text', 'body': '```json\n{\n  "objectives_list": [\n    {\n      "Verb": "Reduce",\n      "Outcome": "Payroll by 15%",\n      "Definition": "$15K/Wk.",\n      "Source": "2H-2023 Business planning- OKR SN2 6th _June_23.pdf"\n    },\n    {\n      "Verb": "Reduce",\n      "Outcome": "Fixed expense- $250K",\n      "Definition": "$5K/Wk.",\n      "Source": "2H-2023 Business planning- OKR SN2 6th _June_23.pdf"\n    },\n    {\n      "Verb": "Reduce",\n      "Outcome": "Receiving by 20%",\n      "Definition": "7WMA",\n      "Source": "2H-2023 Business planning- OKR SN2 6th _June_23.pdf"\n    }\n  ]\n}\n```'}
2023-07-26 12:55:53.113843,{'type': 'progress_info', 'body': '- Cost Reduction'}
2023-07-26 12:55:53.113843,{'type': 'results_text', 'body': '#### topic: Asset Optimization'}
2023-07-26 12:55:53.114838,{'type': 'results_text', 'body': '##### Text Response'}
2023-07-26 12:55:53.114838,{'type': 'results_text', 'body': "```text\nBased on the provided context, I couldn't find any specific objectives addressing Asset Optimization. However, I can provide some relevant suggestions based on the context:\n\n1. Improve production efficiency and capacity utilization: Implement automation and technology to optimize asset utilization and reduce downtime.\n\n2. Streamline supply chain and inventory management: Enhance communication and collaboration among departments to ensure smooth flow of materials and minimize disruptions in work flow.\n\n3. Enhance customer experience and satisfaction: Reduce waiting time, improve order status visibility, and eliminate hassles for customers, leading to increased customer loyalty and repeat business.\n\nPlease note that these suggestions are based on the context provided and may not directly correspond to the company's specific objectives.\n```"}
2023-07-26 12:55:53.114838,{'type': 'results_text', 'body': '##### Function Response'}
2023-07-26 12:55:53.114838,{'type': 'results_text', 'body': '```json\n{\n  "objectives_list": [\n    {\n      "Verb": "Increase",\n      "Outcome": "production",\n      "Definition": "Increase production capacity to optimize asset utilization",\n      "Source": "Week #44"\n    },\n    {\n      "Verb": "Improve",\n      "Outcome": "efficiency",\n      "Definition": "Implement automation and technology to optimize asset utilization",\n      "Source": "Week #44"\n    },\n    {\n      "Verb": "Reduce",\n      "Outcome": "downtime",\n      "Definition": "Implement preventive maintenance programs to optimize asset utilization",\n      "Source": "Week #44"\n    }\n  ]\n}\n```'}
2023-07-26 12:55:53.114838,{'type': 'progress_info', 'body': '- Asset Optimization'}
2023-07-26 12:55:53.114838,{'type': 'progress_info', 'body': 'Customer objectives complete:'}
2023-07-26 12:55:53.115838,{'type': 'results_text', 'body': '### Category: Customer'}
2023-07-26 12:55:53.115838,{'type': 'results_text', 'body': '#### topic: Improving the Brand'}
2023-07-26 12:55:53.115838,{'type': 'results_text', 'body': '##### Text Response'}
2023-07-26 12:55:53.115838,{'type': 'results_text', 'body': "```text\nBased on the provided context, I couldn't find any specific objectives addressing the improvement of the brand. However, I can provide some relevant suggestions based on the context:\n\n1. Enhance brand visibility and recognition: Implement marketing strategies and initiatives to increase brand awareness among target customers and industry professionals. This can include advertising campaigns, participation in trade shows and events, and leveraging social media platforms.\n\n2. Improve brand reputation and customer perception: Focus on delivering exceptional customer experiences and ensuring high-quality products and services. Implement customer feedback and review management systems to address any issues promptly and maintain a positive brand reputation.\n\n3. Differentiate the brand from competitors: Identify unique selling points and value propositions that set the company apart from competitors. Develop a strong brand identity and messaging that communicates these differentiators effectively to target customers.\n\nPlease note that these suggestions are based on the context provided and may not directly reflect the company's specific objectives. It is recommended to refer to the company's official documents or statements for accurate information on their objectives related to improving the brand.\n```"}
2023-07-26 12:55:53.115838,{'type': 'results_text', 'body': '##### Function Response'}
2023-07-26 12:55:53.116840,{'type': 'results_text', 'body': '```json\n{\n  "objectives_list": [\n    {\n      "Verb": "Drive",\n      "Outcome": "50% revenue from Direct Channel",\n      "Definition": "increase capabilities to not depend on other channels to operate and be profitable",\n      "Source": "2022 Business Planning + Goals.xlsx"\n    },\n    {\n      "Verb": "Replace",\n      "Outcome": "$5M lost business",\n      "Definition": "",\n      "Source": "2022 Business Planning + Goals (page 1 - Master Plan 2022).pdf"\n    },\n    {\n      "Verb": "Expand",\n      "Outcome": "to other adjacent markets; Off-road; Exterior products; Powersport; Industrial filtration",\n      "Definition": "using our core competencies of Design, Plastics and Steel/AL. tubing fabrication",\n      "Source": "2022 Business Planning + Goals.xlsx"\n    },\n    {\n      "Verb": "Increase",\n      "Outcome": "FG inventory by $1.0M",\n      "Definition": "",\n      "Source": "2022 Business Planning + Goals.xlsx"\n    },\n    {\n      "Verb": "1st To Market",\n      "Outcome": "for Ford Bronco/ Sport, Jeep JL 392, Ram TRX 6.2 S/C, Ford F150; 21+",\n      "Definition": "",\n      "Source": "2022 Business Planning + Goals.xlsx"\n    }\n  ]\n}\n```'}
2023-07-26 12:55:53.116840,{'type': 'progress_info', 'body': '- Improving the Brand'}
2023-07-26 12:55:53.116840,{'type': 'results_text', 'body': '#### topic: Customer Service'}
2023-07-26 12:55:53.116840,{'type': 'results_text', 'body': '##### Text Response'}
2023-07-26 12:55:53.116840,{'type': 'results_text', 'body': '```text\nBased on the provided context, here are the objectives related to Customer Service for this company:\n\n1. Objective: Improve Consumer Customer Service (Tech and support)\n   - Function: Tech and support\n   - Action: Zero-based approach to address and fix broken customer service processes\n\n2. Objective: Re-engineer Customer Service from the bottom up\n   - Function: Customer Service\n   - Action: Implement re-engineering strategies to enhance customer service processes and improve customer satisfaction\n\n3. Objective: Reduce Tech calls for replacement parts\n   - Function: Customer Service\n   - Action: Implement measures to reduce the number of technical support calls related to replacement parts\n\nSUGGESTIONS (if objectives on Customer Service are not explicitly mentioned):\n\n1. Objective: Enhance customer support channels\n   - Function: Customer Service\n   - Action: Implement additional customer support channels (e.g., live chat, social media) to improve accessibility and responsiveness to customer inquiries and issues\n\n2. Objective: Improve customer satisfaction ratings\n   - Function: Customer Service\n   - Action: Implement strategies to measure and improve customer satisfaction ratings through surveys, feedback mechanisms, and continuous improvement initiatives\n\n3. Objective: Streamline customer complaint resolution process\n   - Function: Customer Service\n   - Action: Implement a streamlined process for handling and resolving customer complaints efficiently and effectively, ensuring prompt resolution and customer satisfaction\n\nSOURCES: C:\\Users\\Hendrix\\Documents\\GitHub\\strategy-ai\\backend\\strategy_ai\\available_data\\visible_files\\client_files\\2022 Business Planning + Goals.xlsx (Mater Plan 2022)\n```'}
2023-07-26 12:55:53.116840,{'type': 'results_text', 'body': '##### Function Response'}
2023-07-26 12:55:53.117840,{'type': 'results_text', 'body': '```json\n{\n  "objectives_list": [\n    {\n      "Verb": "Customer Service",\n      "Outcome": "Tech and support are broken and need to be zero-based",\n      "Definition": "Reduction of back log, and product shortages. Thru increase product availability",\n      "Source": "2022 Business Planning + Goals.xlsx, Mater Plan 2022"\n    },\n    {\n      "Verb": "Customer Service",\n      "Outcome": "Customer Service from the bottom up. Re-engineer",\n      "Definition": "Increase production: through automation and multiple shift manufacturing",\n      "Source": "2022 Business Planning + Goals.xlsx, Mater Plan 2021"\n    }\n  ]\n}\n```'}
2023-07-26 12:55:53.117840,{'type': 'progress_info', 'body': '- Customer Service'}
2023-07-26 12:55:53.117840,{'type': 'results_text', 'body': '#### topic: Product Service/Functionality'}
2023-07-26 12:55:53.117840,{'type': 'results_text', 'body': '##### Text Response'}
2023-07-26 12:55:53.117840,{'type': 'results_text', 'body': "```text\nBased on the available context, I couldn't find specific objectives addressing Product Service/Functionality. However, I can provide some relevant suggestions based on the context:\n\n1. Improve Amazon product descriptions: Enhance the quality and accuracy of product descriptions on Amazon to provide customers with better information about the products.\n\n2. Reduce shipping costs: Implement strategies to lower the cost of shipping, such as negotiating better rates with shipping providers or optimizing packaging to reduce weight and size.\n\n3. Increase sales of specific items: Develop visual selection guides or other marketing materials to promote and increase sales of specific products, such as UCO/Prefilters/Coupler/URP.\n\nPlease note that these suggestions are based on the available context and may not reflect the actual objectives of the company.\n```"}
2023-07-26 12:55:53.118841,{'type': 'results_text', 'body': '##### Function Response'}
2023-07-26 12:55:53.118841,{'type': 'results_text', 'body': '```json\n{\n  "objectives_list": [\n    {\n      "Verb": "Increase",\n      "Outcome": "Air filter production",\n      "Definition": "Increase Air filter production, to 5K/Week",\n      "Source": "C:\\\\Users\\\\Hendrix\\\\Documents\\\\GitHub\\\\strategy-ai\\\\backend\\\\strategy_ai\\\\available_data\\\\visible_files\\\\client_files\\\\2022 Business Planning + Goals.xlsx, on page: Goals"\n    },\n    {\n      "Verb": "Increase",\n      "Outcome": "ExH C/B production",\n      "Definition": "Increase ExH C/B production to 500 CB/Wk.",\n      "Source": "C:\\\\Users\\\\Hendrix\\\\Documents\\\\GitHub\\\\strategy-ai\\\\backend\\\\strategy_ai\\\\available_data\\\\visible_files\\\\client_files\\\\2022 Business Planning + Goals.xlsx, on page: Goals"\n    },\n    {\n      "Verb": "Increase",\n      "Outcome": "AiS Kitting",\n      "Definition": "Increase AiS Kitting to 2.5K/Wk",\n      "Source": "C:\\\\Users\\\\Hendrix\\\\Documents\\\\GitHub\\\\strategy-ai\\\\backend\\\\strategy_ai\\\\available_data\\\\visible_files\\\\client_files\\\\2022 Business Planning + Goals.xlsx, on page: Goals"\n    }\n  ]\n}\n```'}
2023-07-26 12:55:53.118841,{'type': 'progress_info', 'body': '- Product Service/Functionality'}
2023-07-26 12:55:53.118841,{'type': 'progress_info', 'body': 'Internal objectives complete:'}
2023-07-26 12:55:53.119842,{'type': 'results_text', 'body': '### Category: Internal'}
2023-07-26 12:55:53.119842,{'type': 'results_text', 'body': '#### topic: Operational Excellence'}
2023-07-26 12:55:53.119842,{'type': 'results_text', 'body': '##### Text Response'}
2023-07-26 12:55:53.119842,{'type': 'results_text', 'body': "```text\nBased on the available context, I couldn't find any specific objectives addressing Operational Excellence for this company. However, I can provide some relevant suggestions based on the context:\n\n1. Improve production efficiency: Implement automation and technology to streamline production processes and increase productivity.\n2. Enhance supply chain management: Optimize inventory management, reduce lead times, and improve coordination with suppliers to ensure timely delivery of products.\n3. Implement quality control measures: Develop and implement quality control processes to ensure consistent product quality and minimize defects.\n\nThese suggestions align with the concept of Operational Excellence and can help the company improve its operational performance.\n```"}
2023-07-26 12:55:53.119842,{'type': 'results_text', 'body': '##### Function Response'}
2023-07-26 12:55:55.127277,{'type': 'results_text', 'body': '```json\n{\n  "objectives_list": [\n    {\n      "Verb": "Increase",\n      "Outcome": "Air filter production, to 5K/Week",\n      "Definition": "",\n      "Source": "2022 Business Planning + Goals.xlsx"\n    },\n    {\n      "Verb": "Increase",\n      "Outcome": "ExH C/B production to 500 CB/Wk.",\n      "Definition": "",\n      "Source": "2022 Business Planning + Goals.xlsx"\n    },\n    {\n      "Verb": "Increase",\n      "Outcome": "AiS Kitting to 2.5K/Wk",\n      "Definition": "",\n      "Source": "2022 Business Planning + Goals.xlsx"\n    },\n    {\n      "Verb": "Reduce",\n      "Outcome": "Backorder to less than 60 days",\n      "Definition": "",\n      "Source": "2022 Business Planning + Goals.xlsx"\n    },\n    {\n      "Verb": "Increase",\n      "Outcome": "Production",\n      "Definition": "",\n      "Source": "2022 Business Planning + Goals.xlsx"\n    },\n    {\n      "Verb": "Increase",\n      "Outcome": "our ability to produce products to fulfill the backorders and increase our service level",\n      "Definition": "",\n      "Source": "2022 Business Planning + Goals.xlsx"\n    },\n    {\n      "Verb": "Increase",\n      "Outcome": "Production",\n      "Definition": "",\n      "Source": "2022 Business Planning + Goals.xlsx"\n    },\n    {\n      "Verb": "Increase",\n      "Outcome": "production to 2,000 kits a week",\n      "Definition": "",\n      "Source": "2022 Business Planning + Goals.xlsx"\n    },\n    {\n      "Verb": "Improve",\n      "Outcome": "Robotic Production, get aggressive on high quality exhausts",\n      "Definition": "",\n      "Source": "2022 Business Planning + Goals.xlsx"\n    }\n  ]\n}\n```'}
2023-07-26 12:55:55.127277,{'type': 'progress_info', 'body': '- Operational Excellence'}
2023-07-26 12:55:55.127277,{'type': 'results_text', 'body': '#### topic: Product Innovation'}
2023-07-26 12:55:55.127277,{'type': 'results_text', 'body': '##### Text Response'}
2023-07-26 12:55:55.127277,{'type': 'results_text', 'body': '```text\nBased on the provided context, here are the objectives addressing Product Innovation for the company:\n\n1. LC300 Platform: The objective is to grow the business by 20% using the LC300 platform.\n2. 50 New CPN Intakes: The objective is to introduce 50 new CPN (Customer Part Number) intakes.\n3. 75 New C/B Exhaust: The objective is to develop and launch 75 new C/B (Customer/Brand) exhaust products.\n\nThese objectives are mentioned in the "Goals" section of the 2022 Business Planning + Goals document.\n\nSOURCES: C:\\Users\\Hendrix\\Documents\\GitHub\\strategy-ai\\backend\\strategy_ai\\available_data\\visible_files\\client_files\\2022 Business Planning + Goals.xlsx (Goals)\n```'}
2023-07-26 12:55:55.128585,{'type': 'results_text', 'body': '##### Function Response'}
2023-07-26 12:55:55.128585,{'type': 'results_text', 'body': '```json\n{\n  "objectives_list": [\n    {\n      "Verb": "Grow business by 20%",\n      "Outcome": "",\n      "Definition": "",\n      "Source": "2022 Business Planning + Goals.xlsx"\n    },\n    {\n      "Verb": "Improve cashflow",\n      "Outcome": "",\n      "Definition": "",\n      "Source": "2022 Business Planning + Goals.xlsx"\n    }\n  ]\n}\n```'}
2023-07-26 12:55:55.128585,{'type': 'progress_info', 'body': '- Product Innovation'}
2023-07-26 12:55:55.128585,{'type': 'results_text', 'body': '#### topic: Regulatory Compliance'}
2023-07-26 12:55:55.128585,{'type': 'results_text', 'body': '##### Text Response'}
2023-07-26 12:55:55.128585,{'type': 'results_text', 'body': "```text\nBased on the provided context, I couldn't find any specific objectives addressing Regulatory Compliance. However, based on the context, here are some relevant suggestions for objectives related to Regulatory Compliance:\n\n1. Ensure compliance with all applicable regulations and standards: Develop and implement processes and procedures to ensure that the company complies with all relevant regulations and standards in its operations.\n\n2. Conduct regular audits and assessments: Establish a system for conducting regular audits and assessments to identify any potential compliance issues and take appropriate corrective actions.\n\n3. Stay updated on regulatory changes: Establish a process to monitor and stay updated on any changes in regulations and standards that may impact the company's operations, and ensure timely compliance with these changes.\n\nPlease note that these suggestions are based on the context provided and may not reflect the actual objectives of the company. It is recommended to refer to the company's official documents or consult with relevant stakeholders for accurate information on their objectives related to Regulatory Compliance.\n\n\n```"}
2023-07-26 12:55:55.128585,{'type': 'results_text', 'body': '##### Function Response'}
2023-07-26 12:55:55.128585,{'type': 'results_text', 'body': '```json\n{\n  "objectives_list": [\n    {\n      "Verb": "Simplify and streamline",\n      "Outcome": "shipping",\n      "Definition": "",\n      "Source": "Week #44"\n    },\n    {\n      "Verb": "Start placing systems in places",\n      "Outcome": "",\n      "Definition": "",\n      "Source": "Week #44"\n    }\n  ]\n}\n```'}
2023-07-26 12:55:55.129823,{'type': 'progress_info', 'body': '- Regulatory Compliance'}
2023-07-26 12:55:55.129823,{'type': 'results_text', 'body': '#### topic: Customer Intimacy'}
2023-07-26 12:55:55.129823,{'type': 'results_text', 'body': '##### Text Response'}
2023-07-26 12:55:55.129823,{'type': 'results_text', 'body': "```text\nBased on the available context, I couldn't find specific objectives addressing Customer Intimacy for this company. However, I can provide some relevant suggestions based on the context:\n\n1. Improve customer experience: Reduce waiting time, reduce calls for order status, and eliminate hassle for issuing customer credit back.\n2. Increase customer retention: Implement strategies to retain existing customers and build long-term relationships.\n3. Enhance customer communication: Improve communication across the company to ensure that plans are executed as intended and to address any customer concerns or feedback.\n\nThese suggestions aim to improve customer satisfaction, loyalty, and engagement, which are important aspects of customer intimacy.\n```"}
2023-07-26 12:55:55.129823,{'type': 'results_text', 'body': '##### Function Response'}
2023-07-26 12:55:55.130837,{'type': 'results_text', 'body': '```json\n{\n  "objectives_list": [\n    {\n      "Verb": "1. Amazon description improved",\n      "Outcome": "Amazon cancellation reduced by 50%",\n      "Definition": "",\n      "Source": "2022 Business Planning + Goals.xlsx"\n    },\n    {\n      "Verb": "2. Export Orders shipped quicker",\n      "Outcome": "99% Orders shipped 13 Wks",\n      "Definition": "",\n      "Source": "2022 Business Planning + Goals.xlsx"\n    },\n    {\n      "Verb": "3. Shipping cost lowered",\n      "Outcome": "Cost of shipping under $50, limit $5",\n      "Definition": "",\n      "Source": "2022 Business Planning + Goals.xlsx"\n    },\n    {\n      "Verb": "4. Spare parts layout",\n      "Outcome": "Tech calls for replacement parts reduced by 50%",\n      "Definition": "",\n      "Source": "2022 Business Planning + Goals.xlsx"\n    },\n    {\n      "Verb": "5. UCO/Prefilters/Coupler/URP.. Visual selection guide",\n      "Outcome": "Sales of items increase by 100%",\n      "Definition": "",\n      "Source": "2022 Business Planning + Goals.xlsx"\n    }\n  ]\n}\n```'}
2023-07-26 12:55:55.130837,{'type': 'progress_info', 'body': '- Customer Intimacy'}
2023-07-26 12:55:55.130837,{'type': 'progress_info', 'body': 'Enabler objectives complete:'}
2023-07-26 12:55:55.130837,{'type': 'results_text', 'body': '### Category: Enabler'}
2023-07-26 12:55:55.130837,{'type': 'results_text', 'body': '#### topic: Strategic Assets'}
2023-07-26 12:55:55.131834,{'type': 'results_text', 'body': '##### Text Response'}
2023-07-26 12:55:55.131834,{'type': 'results_text', 'body': "```text\nBased on the provided context, I couldn't find any specific objectives addressing Strategic Assets. However, I can provide some relevant suggestions based on the context:\n\n1. Improve inventory management: Implement strategies to optimize inventory levels, reduce shortages, and improve overall inventory accuracy. This can involve implementing inventory tracking systems, improving forecasting methods, and establishing efficient replenishment processes.\n\n2. Enhance production capabilities: Invest in technology and automation to increase production capacity and efficiency. This can include implementing production automation systems, streamlining processes, and exploring opportunities for outsourcing or partnerships to expand production capabilities.\n\n3. Strengthen supply chain resilience: Address the challenges related to supply chain disruptions and shortages by diversifying suppliers, improving supplier relationships, and implementing risk management strategies. This can involve conducting regular supplier assessments, establishing backup suppliers, and implementing contingency plans.\n\nThese suggestions aim to improve the company's strategic assets by focusing on areas such as inventory management, production capabilities, and supply chain resilience.\n```"}
2023-07-26 12:55:55.131834,{'type': 'results_text', 'body': '##### Function Response'}
2023-07-26 12:56:04.441553,{'type': 'results_text', 'body': '```json\n{\n  "objectives_list": [\n    {\n      "Verb": "Building",\n      "Outcome": "FG inventory",\n      "Definition": "Technology, Automation, SAW, capitalize on Fox/King backorders. Need programs, inventory & new applications",\n      "Source": "C:\\\\Users\\\\Hendrix\\\\Documents\\\\GitHub\\\\strategy-ai\\\\backend\\\\strategy_ai\\\\available_data\\\\visible_files\\\\client_files\\\\2022 Business Planning + Goals.xlsx, on page: Week #44"\n    },\n    {\n      "Verb": "Increase",\n      "Outcome": "Production",\n      "Definition": "Look to find people and/or processes to eliminate myself (succession plan)",\n      "Source": "C:\\\\Users\\\\Hendrix\\\\Documents\\\\GitHub\\\\strategy-ai\\\\backend\\\\strategy_ai\\\\available_data\\\\visible_files\\\\client_files\\\\2022 Business Planning + Goals.xlsx, on page: Week #44"\n    },\n    {\n      "Verb": "Increase",\n      "Outcome": "Production",\n      "Definition": "Increase our ability to produce products to fulfill the backorders and increase our service level.",\n      "Source": "C:\\\\Users\\\\Hendrix\\\\Documents\\\\GitHub\\\\strategy-ai\\\\backend\\\\strategy_ai\\\\available_data\\\\visible_files\\\\client_files\\\\2022 Business Planning + Goals.xlsx, on page: Week #44"\n    },\n    {\n      "Verb": "Increase",\n      "Outcome": "Production",\n      "Definition": "Increase production",\n      "Source": "C:\\\\Users\\\\Hendrix\\\\Documents\\\\GitHub\\\\strategy-ai\\\\backend\\\\strategy_ai\\\\available_data\\\\visible_files\\\\client_files\\\\2022 Business Planning + Goals.xlsx, on page: Week #44"\n    },\n    {\n      "Verb": "Increase",\n      "Outcome": "Production",\n      "Definition": "Increase our ability to produce products to fulfill the backorders and increase our service level.",\n      "Source": "C:\\\\Users\\\\Hendrix\\\\Documents\\\\GitHub\\\\strategy-ai\\\\backend\\\\strategy_ai\\\\available_data\\\\visible_files\\\\client_files\\\\2022 Business Planning + Goals.xlsx, on page: Week #44"\n    },\n    {\n      "Verb": "Increase",\n      "Outcome": "Production",\n      "Definition": "Increase our ability to produce products to fulfill the backorders and increase our service level.",\n      "Source": "C:\\\\Users\\\\Hendrix\\\\Documents\\\\GitHub\\\\strategy-ai\\\\backend\\\\strategy_ai\\\\available_data\\\\visible_files\\\\client_files\\\\2022 Business Planning + Goals.xlsx, on page: Week #44"\n    },\n    {\n      "Verb": "Increase",\n      "Outcome": "Production",\n      "Definition": "Increase our ability to produce products to fulfill the backorders and increase our service level.",\n      "Source": "C:\\\\Users\\\\Hendrix\\\\Documents\\\\GitHub\\\\strategy-ai\\\\backend\\\\strategy_ai\\\\available_data\\\\visible_files\\\\client_files\\\\2022 Business Planning + Goals.xlsx, on page: Week #44"\n    },\n    {\n      "Verb": "Increase",\n      "Outcome": "Production",\n      "Definition": "Increase our ability to produce products to fulfill the backorders and increase our service level.",\n      "Source": "C:\\\\Users\\\\Hendrix\\\\Documents\\\\GitHub\\\\strategy-ai\\\\backend\\\\strategy_ai\\\\available_data\\\\visible_files\\\\client_files\\\\2022 Business Planning + Goals.xlsx, on page: Week #44"\n    }\n  ]\n}\n```'}
2023-07-26 12:56:04.441553,{'type': 'progress_info', 'body': '- Strategic Assets'}
2023-07-26 12:56:04.441553,{'type': 'results_text', 'body': '#### topic: Building a Climate for Action'}
2023-07-26 12:56:04.441553,{'type': 'results_text', 'body': '##### Text Response'}
2023-07-26 12:56:04.441553,{'type': 'results_text', 'body': '```text\nBased on the available context, I couldn\'t find any specific objectives addressing "Building a Climate for Action" for this company. However, based on the context, here are some relevant suggestions for objectives related to building a climate for action:\n\n1. Increase Sustainability Initiatives: Implement and promote sustainable practices within the company, such as reducing waste, conserving energy, and using eco-friendly materials.\n\n2. Enhance Environmental Awareness: Educate employees and stakeholders about the importance of environmental conservation and encourage them to take action towards reducing their carbon footprint.\n\n3. Collaborate with Environmental Organizations: Partner with environmental organizations or participate in initiatives that aim to address climate change and promote sustainable practices.\n\nPlease note that these suggestions are based on the context provided and may not directly reflect the objectives of the company.\n```'}
2023-07-26 12:56:04.441553,{'type': 'results_text', 'body': '##### Function Response'}
2023-07-26 12:56:04.441553,{'type': 'results_text', 'body': '```json\n{\n  "objectives_list": [\n    {\n      "Verb": "Increase",\n      "Outcome": "Production",\n      "Definition": "Increase production of air filters, intakes, and exhaust C/B",\n      "Source": "2022 Business Planning + Goals (page 1 - Master Plan 2022).pdf"\n    },\n    {\n      "Verb": "Improve",\n      "Outcome": "Customer experience",\n      "Definition": "Reduce waiting time, reduce calls for order status, eliminate hassle for issuing customer credit back",\n      "Source": "2022 Business Planning + Goals (page 1 - Master Plan 2022).pdf"\n    },\n    {\n      "Verb": "Replace",\n      "Outcome": "Amazon $5M lost business",\n      "Definition": "Find alternative channels to replace the lost business from Amazon",\n      "Source": "2022 Business Planning + Goals (page 1 - Master Plan 2022).pdf"\n    },\n    {\n      "Verb": "Expand",\n      "Outcome": "to other adjacent markets",\n      "Definition": "Enter off-road, paper air filter, lifestyle-focused, exterior products, powersport, and industrial filtration markets",\n      "Source": "2022 Business Planning + Goals (page 1 - Master Plan 2022).pdf"\n    },\n    {\n      "Verb": "Complete",\n      "Outcome": "Phase I offering of key platforms",\n      "Definition": "Complete the offering of key platforms for Toyota LC300, Toyota Tundra, New Jeep GC-KL, and Isuzu D-max 3.0L TDI",\n      "Source": "2022 Business Planning + Goals (page 1 - Master Plan 2022).pdf"\n    },\n    {\n      "Verb": "Utilize",\n      "Outcome": "existing resources",\n      "Definition": "Do more with less by utilizing existing resources",\n      "Source": "2022 Business Planning + Goals (page 1 - Master Plan 2022).pdf"\n    }\n  ]\n}\n```'}
2023-07-26 12:56:04.441553,{'type': 'progress_info', 'body': '- Building a Climate for Action'}
2023-07-26 12:56:04.442814,{'type': 'results_text', 'body': '#### topic: Attracting, Retaining, and Developing Talent'}
2023-07-26 12:56:04.442814,{'type': 'results_text', 'body': '##### Text Response'}
2023-07-26 12:56:04.442814,{'type': 'results_text', 'body': "```text\nBased on the provided context, I couldn't find any specific objectives addressing Attracting, Retaining, and Developing Talent. However, I can provide some relevant suggestions based on the context:\n\n1. Improve Staffing and Retention: Develop strategies to attract and retain qualified personnel, such as offering competitive salaries, benefits, and career development opportunities. Implement programs to recognize and reward employees to increase morale and job satisfaction.\n\n2. Enhance Training and Development Programs: Invest in training and development programs to enhance the skills and capabilities of the existing workforce. This can include providing opportunities for employees to learn new technologies, improve their job-related skills, and advance their careers within the company.\n\n3. Strengthen Recruitment Efforts: Develop effective recruitment strategies to attract top talent. This can involve leveraging technology and automation to streamline the recruitment process, partnering with educational institutions and industry associations to identify potential candidates, and promoting the company's values and culture to attract candidates who align with the organization's vision.\n\nPlease note that these suggestions are based on the context provided and may not directly reflect the company's specific objectives.\n```"}
2023-07-26 12:56:04.442814,{'type': 'results_text', 'body': '##### Function Response'}
2023-07-26 12:56:04.442814,{'type': 'results_text', 'body': '```json\n{\n  "objectives_list": [\n    {\n      "Verb": "Staffing",\n      "Outcome": "Retaining Employees",\n      "Definition": "Difficulty in hiring/retaining qualified personnel",\n      "Source": "C:\\\\Users\\\\Hendrix\\\\Documents\\\\GitHub\\\\strategy-ai\\\\backend\\\\strategy_ai\\\\available_data\\\\visible_files\\\\client_files\\\\2022 Business Planning + Goals.xlsx, on page: Week #44"\n    },\n    {\n      "Verb": "Get wrong people off the bus",\n      "Outcome": "Retrain hourly personnel to reestablish our company culture.",\n      "Definition": "Shore up flawed/missing processes exposed by backlogs",\n      "Source": "C:\\\\Users\\\\Hendrix\\\\Documents\\\\GitHub\\\\strategy-ai\\\\backend\\\\strategy_ai\\\\available_data\\\\visible_files\\\\client_files\\\\2022 Business Planning + Goals.xlsx, on page: Week #44"\n    },\n    {\n      "Verb": "Start placing systems in places",\n      "Outcome": "Program in place to source and retain quality employees",\n      "Definition": "Production & Shipping Automation",\n      "Source": "C:\\\\Users\\\\Hendrix\\\\Documents\\\\GitHub\\\\strategy-ai\\\\backend\\\\strategy_ai\\\\available_data\\\\visible_files\\\\client_files\\\\2022 Business Planning + Goals.xlsx, on page: Week #44"\n    }\n  ]\n}\n```'}
2023-07-26 12:56:04.442814,{'type': 'progress_info', 'body': '- Attracting, Retaining, and Developing Talent'}
