2023-08-03 01:20:45.523791,"{'type': 'message', 'body': 'Starting task t2_assessment, uuid: acff38f3-569b-4447-8732-2ad1c110c936.'}"
2023-08-03 01:20:45.523791,"{'type': 'message', 'body': 'Running task ASSESSMENT, uuid: acff38f3-569b-4447-8732-2ad1c110c936.'}"
2023-08-03 01:20:45.523791,"{'type': 'results_text', 'body': "## Feasibility Assessment on the company's goals"}"
2023-08-03 01:20:45.524792,"{'type': 'progress_info', 'body': 'increase sales revenue by 20% compared to last year (from 10M to 12M); actions assessed:'}"
2023-08-03 01:20:45.524792,"{'type': 'results_text', 'body': '### Goal Assessment for: increase sales revenue by 20% compared to last year (from 10M to 12M)'}"
2023-08-03 01:20:46.419444,"{'type': 'results_text', 'body': '#### Action: increase headcount'}"
2023-08-03 01:20:55.052754,"{'type': 'results_text', 'body': "Based on the available information, the company's plans or actions to increase headcount are not explicitly mentioned. Therefore, it is not possible to provide specific points regarding what the company is doing or planning to do to increase headcount.\n\nHowever, based on the information provided, we can make some general observations:\n\n- To increase headcount, the company may need to focus on expanding its operations, such as opening new offices or manufacturing facilities. This could potentially create job opportunities and lead to an increase in headcount.\n\n- Increasing headcount may require additional resources such as recruitment and hiring processes, training programs, and employee benefits.\n\n- The company would need to follow relevant labor laws and regulations regarding hiring, employment contracts, and workplace safety.\n\n- Competing businesses in the smartphone industry may have implemented various strategies to increase headcount, such as expanding their operations globally, investing in research and development, or acquiring other companies to gain access to talent and resources.\n\nIt is important to note that these observations are based on general knowledge of business practices and may not specifically reflect the plans or actions of the company mentioned in the provided context. For more accurate and specific information, additional details about the company's strategies and actions would be required."}"
2023-08-03 01:20:55.054446,"{'type': 'results_text', 'body': '#### Action: increase price'}"
2023-08-03 01:20:55.054446,"{'type': 'results_text', 'body': "Based on the provided context, there is no specific information about the company's plans to increase prices. The context mainly focuses on TechConnect's strategies for achieving revenue goals, market expansion, product diversification, marketing campaigns, partnerships, innovation, and brand value. Therefore, it is not possible to provide a list of actions related to increasing prices or answer the additional questions."}"
2023-08-03 01:20:55.054446,"{'type': 'results_text', 'body': '#### Action: enter new markets'}"
2023-08-03 01:21:04.663839,"{'type': 'results_text', 'body': "Based on the provided context, here are the things that the company, TechConnect, is doing or has planned to do to enter new markets:\n\n1. Market Expansion and Penetration: TechConnect plans to establish distribution centers strategically located in key regions across the US. They will forge partnerships with major retailers and carriers to ensure their smartphones are easily accessible to consumers nationwide. This strategy will help raise brand awareness and drive demand for their products.\n\n- Will this make a difference? Yes, this strategy can make a difference as it allows TechConnect to expand its market presence and reach a wider customer base.\n- Additional resources required: TechConnect will require resources for setting up distribution centers, establishing partnerships, and conducting aggressive marketing campaigns.\n- Regulations to follow: TechConnect will need to comply with regulations related to distribution, partnerships, and marketing in the US market.\n- Similar things done by competing businesses: Competing businesses in the smartphone industry have also focused on market expansion and penetration by establishing distribution networks and partnerships with retailers and carriers.\n\n2. Aggressive Marketing Campaigns and Promotional Activities: TechConnect plans to conduct aggressive marketing campaigns and promotional activities to raise brand awareness and drive demand for their products.\n\n- Will this make a difference? Yes, effective marketing campaigns can make a difference in attracting customers and increasing sales.\n- Additional resources required: TechConnect will require resources for marketing activities such as advertising, promotions, and hiring marketing professionals.\n- Regulations to follow: TechConnect will need to comply with regulations related to advertising and promotions in the target markets.\n- Similar things done by competing businesses: Competing businesses in the smartphone industry also invest in marketing campaigns and promotional activities to attract customers and increase sales.\n\n3. Strategic Partnerships: TechConnect plans to collaborate with influencers, tech reviewers, media outlets, content creators, app developers, and other technology companies to generate positive reviews, coverage, and cross-promotional opportunities.\n\n- Will this make a difference? Yes, strategic partnerships can help TechConnect reach a wider audience and enhance brand visibility.\n- Additional resources required: TechConnect will require resources for identifying and establishing partnerships, managing collaborations, and coordinating marketing efforts.\n- Regulations to follow: TechConnect will need to comply with regulations related to partnerships, endorsements, and collaborations.\n- Similar things done by competing businesses: Competing businesses in the smartphone industry have also formed strategic partnerships with influencers, media outlets, and technology companies to enhance their brand presence and reach.\n\nOverall, TechConnect's planned actions to enter new markets involve market expansion, aggressive marketing, and strategic partnerships. These strategies can make a difference in reaching a wider customer base and increasing brand visibility. However, the company will require additional resources for implementation and will need to comply with relevant regulations in the target markets. Similar approaches have been adopted by competing businesses in the smartphone industry."}"
2023-08-03 01:21:04.665920,"{'type': 'results_text', 'body': '#### Action: introduce new products'}"
2023-08-03 01:21:04.665920,"{'type': 'results_text', 'body': "Based on the available context, here are the things that the company, TechConnect, is doing or has planned to do to introduce new products:\n\n1. Product Diversification: TechConnect plans to introduce a diverse range of smartphones and smart devices to cater to different customer segments. This includes flagship smartphones with cutting-edge features to attract tech enthusiasts and mid-range devices. (No information is provided about the impact on previous years or competitors, additional resources required, regulations, or similar actions by competitors.)\n\nTo answer the additional questions for this point:\n- Will this make a difference? It is likely that product diversification can make a difference by attracting different customer segments and expanding the company's market reach.\n- What additional resources does the company require? The company may require resources for research and development, manufacturing, marketing, and distribution to carry out product diversification effectively.\n- What regulations need to be followed? The specific regulations that need to be followed may vary depending on the country or region where the products are being introduced. TechConnect would need to comply with relevant regulations related to product safety, labeling, and intellectual property rights.\n- What similar things have competing businesses done? Competing businesses in the smartphone industry have also focused on product diversification to cater to different customer segments and stay competitive in the market. They have introduced a range of smartphones with varying features and price points.\n\nPlease note that the provided context does not provide information about other actions or plans related to introducing new products."}"
2023-08-03 01:21:04.667054,"{'type': 'results_text', 'body': '#### Action: combination'}"
2023-08-03 01:21:11.981053,"{'type': 'results_text', 'body': "Based on the available context, here are the things that the company, TechConnect, is doing or has planned to do to carry out the action of combination:\n\n1. Market Expansion and Penetration: TechConnect plans to expand its market presence in the US by establishing distribution centers strategically located in key regions across the country. They will forge partnerships with major retailers and carriers to ensure their smartphones are easily accessible to consumers nationwide. This will be supported by aggressive marketing campaigns and promotional activities to raise brand awareness and drive demand for their products.\n\n- Will this make a difference? Expanding market presence and forging partnerships can help TechConnect increase its market share and reach a wider customer base. This can potentially lead to increased sales and revenue.\n\n- Additional resources required: TechConnect may require additional resources such as investment for establishing distribution centers, marketing budgets for campaigns, and resources for managing partnerships.\n\n- Regulations to follow: TechConnect will need to comply with regulations related to distribution, partnerships, and marketing activities in the US market.\n\n- Similar things done by competing businesses: Competing businesses in the smartphone industry have also focused on market expansion, partnerships with retailers and carriers, and aggressive marketing campaigns to increase their market share and reach.\n\n2. Product Diversification: TechConnect plans to introduce a diverse range of smartphones and smart devices to cater to different customer segments. This includes flagship smartphones with cutting-edge features to attract tech enthusiasts and mid-range devices.\n\n- Will this make a difference? Introducing a diverse range of products can help TechConnect attract a wider customer base and cater to different customer preferences. This can potentially lead to increased sales and revenue.\n\n- Additional resources required: TechConnect may require resources for research and development to innovate and introduce new products, as well as resources for manufacturing and marketing these products.\n\n- Regulations to follow: TechConnect will need to comply with regulations related to product safety, quality standards, and intellectual property rights.\n\n- Similar things done by competing businesses: Competing businesses in the smartphone industry have also focused on product diversification to cater to different customer segments and stay competitive in the market.\n\n3. Sustainable Practices and Social Responsibility: TechConnect recognizes the importance of sustainability and social responsibility. They plan to implement eco-friendly manufacturing practices, focus on recycling and reducing waste, and emphasize their commitment to environmental and social causes.\n\n- Will this make a difference? Emphasizing sustainable practices and social responsibility can resonate with conscious consumers and enhance brand loyalty. It can also help differentiate TechConnect from competitors who may not prioritize these aspects.\n\n- Additional resources required: TechConnect may require resources for implementing eco-friendly manufacturing practices, waste management systems, and initiatives related to social causes.\n\n- Regulations to follow: TechConnect will need to comply with regulations related to environmental sustainability, waste management, and social responsibility.\n\n- Similar things done by competing businesses: Competing businesses in various industries have also focused on sustainable practices and social responsibility to meet consumer expectations and enhance their brand image.\n\n4. Strategic Marketing and Partnerships: TechConnect plans to invest in targeted marketing campaigns to create buzz around their products and promotions. They will collaborate with influencers, tech reviewers, media outlets, content creators, app developers, and other technology companies to generate positive reviews, coverage, and cross-promotional opportunities.\n\n- Will this make a difference? Strategic marketing and partnerships can help TechConnect increase brand visibility, generate positive reviews, and reach a wider audience. This can potentially lead to increased sales and revenue.\n\n- Additional resources required: TechConnect may require additional resources for marketing campaigns, collaborations, and managing partnerships.\n\n- Regulations to follow: TechConnect will need to comply with regulations related to advertising, endorsements, and partnerships.\n\n- Similar things done by competing businesses: Competing businesses in the technology industry have also invested in strategic marketing campaigns and partnerships to promote their products, generate positive reviews, and expand their customer reach.\n\nIt's important to note that the specific details and effectiveness of these actions may vary based on the company's execution, market conditions, and competition. The provided information is based on the available context and does not cover all possible factors."}"
2023-08-03 01:21:11.984043,"{'type': 'results_text', 'body': '#### Action: increase customer retention / decrease churn'}"
2023-08-03 01:21:11.984043,"{'type': 'results_text', 'body': "Based on the provided context, the company's strategy to increase customer retention or decrease churn is not explicitly mentioned. The available information focuses on the company's revenue goals and their plans for market expansion, product diversification, innovation, sustainable practices, and strategic marketing partnerships. Therefore, it is not possible to list specific actions that the company has planned for increasing customer retention or decreasing churn.\n\nHowever, it is important to note that customer retention and churn reduction are crucial aspects of any business strategy. To effectively address these areas, companies often implement various tactics such as improving customer service, offering loyalty programs, providing personalized experiences, and enhancing product quality. It is likely that the company in question has also considered these factors, but without specific information, it is not possible to provide a detailed analysis.\n\nTo determine the potential impact, additional resources required, regulations to follow, and similar actions taken by competitors, more specific information about the company and its industry would be needed."}"
2023-08-03 01:21:11.984043,"{'type': 'message', 'body': 'Finished task t2_assessment, uuid: acff38f3-569b-4447-8732-2ad1c110c936.'}"
2023-08-03 01:21:11.985045,"{'type': 'message', 'body': 'Task t2_assessment, uuid: acff38f3-569b-4447-8732-2ad1c110c936 took 0:00:26.460252.'}"
