2023-08-03 01:15:15.364974,"{'type': 'message', 'body': 'Starting task t2_assessment, uuid: bd7ea657-852c-4367-8231-83a139ef69e2.'}"
2023-08-03 01:15:15.365974,"{'type': 'message', 'body': 'Running task ASSESSMENT, uuid: bd7ea657-852c-4367-8231-83a139ef69e2.'}"
2023-08-03 01:15:15.365974,"{'type': 'results_text', 'body': "## Feasibility Assessment on the company's goals"}"
2023-08-03 01:15:15.365974,"{'type': 'progress_info', 'body': 'increase sales revenue by 20% compared to last year (from 10M to 12M); actions assessed:'}"
2023-08-03 01:15:15.365974,"{'type': 'results_text', 'body': '### Goal Assessment for: increase sales revenue by 20% compared to last year (from 10M to 12M)'}"
2023-08-03 01:15:16.706625,"{'type': 'results_text', 'body': '#### Action: increase headcount'}"
2023-08-03 01:15:27.837386,"{'type': 'results_text', 'body': "Based on the available information, the company's plans or actions to increase headcount are not explicitly mentioned. Therefore, it is not possible to provide specific points regarding what the company is doing or planning to do to increase headcount.\n\nHowever, based on the information provided, we can make some general observations:\n\n- To increase headcount, the company may need to focus on expanding its operations, such as market expansion and penetration (mentioned in the first context result). This could involve establishing distribution centers, forging partnerships with retailers and carriers, and implementing aggressive marketing campaigns. These actions may require additional resources such as hiring more employees in sales, marketing, and logistics departments.\n\n- The company may also need to invest in research and development (R&D) to introduce new products and innovations, which could potentially lead to increased headcount in the R&D department.\n\n- In terms of regulations, the company needs to ensure compliance with Canadian regulations, as mentioned in the fourth context result. Specific regulations related to hiring and employment practices may need to be followed.\n\n- It is not mentioned in the available information what similar things competing businesses have done to increase headcount. Further information would be needed to provide insights into the actions of competing businesses in this regard.\n\nOverall, without specific information about the company's plans or actions related to increasing headcount, it is difficult to provide a comprehensive answer to the questions regarding the impact, additional resources required, regulations, and actions of competing businesses."}"
2023-08-03 01:15:27.839103,"{'type': 'results_text', 'body': '#### Action: increase price'}"
2023-08-03 01:15:27.839103,"{'type': 'results_text', 'body': "Based on the provided context, there is no specific information about the company's plans to increase prices. The context mainly focuses on TechConnect's strategies for achieving revenue goals, market expansion, product diversification, marketing campaigns, partnerships, innovation, and brand value. Therefore, it is not possible to provide a list of actions related to increasing prices or answer the additional questions."}"
2023-08-03 01:15:27.839103,"{'type': 'results_text', 'body': '#### Action: enter new markets'}"
2023-08-03 01:15:27.839103,"{'type': 'results_text', 'body': "Based on the available context, here are the things that the company, TechConnect, is doing or has planned to do to enter new markets:\n\n1. Market Expansion and Penetration: TechConnect plans to establish distribution centers strategically located in key regions across the US. They will forge partnerships with major retailers and carriers to ensure their smartphones are easily accessible to consumers nationwide. This strategy will be supported by aggressive marketing campaigns and promotional activities to raise brand awareness and drive demand for their products.\n\n- Will this make a difference? Expanding market presence and establishing partnerships can help TechConnect increase its market share and reach a wider customer base. However, the effectiveness of this strategy will depend on the competition and the company's ability to differentiate itself in the market.\n\n- Additional resources required: TechConnect may require additional resources for setting up distribution centers, managing partnerships, and executing marketing campaigns. This could include investments in infrastructure, logistics, marketing teams, and advertising budgets.\n\n- Regulations to follow: TechConnect will need to comply with relevant regulations related to distribution, retail partnerships, and marketing practices in the target markets. This may include obtaining necessary licenses, adhering to advertising guidelines, and ensuring compliance with consumer protection laws.\n\n- Similar actions by competitors: Competing businesses in the smartphone industry have also focused on market expansion and penetration strategies. They establish distribution networks, form partnerships with retailers and carriers, and invest in marketing campaigns to gain market share and increase their customer reach.\n\nIt's important to note that the provided context may not cover all the actions and strategies implemented by TechConnect or its competitors. For a more comprehensive understanding, additional information would be required."}"
2023-08-03 01:15:27.840354,"{'type': 'results_text', 'body': '#### Action: introduce new products'}"
2023-08-03 01:15:31.283663,"{'type': 'results_text', 'body': "Based on the available context, here are the things that the company, TechConnect, is doing or has planned to do to introduce new products:\n\n1. Product Diversification: TechConnect plans to introduce a diverse range of smartphones and smart devices to cater to different customer segments. This includes flagship smartphones with cutting-edge features to attract tech enthusiasts and mid-range devices. (Will this make a difference: Yes, product diversification can help TechConnect reach a wider customer base and compete with other companies offering a variety of products. Additional resources required: Research and development, manufacturing capabilities, marketing efforts. Regulations: TechConnect needs to comply with relevant regulations for product safety and certifications. Similar things done by competing businesses: Competitors also introduce a range of products to cater to different customer segments.)\n\n2. Continuous Innovation: TechConnect aims to provide innovative and futuristic features to their devices. (Will this make a difference: Yes, continuous innovation can help TechConnect stay ahead of the competition and attract tech-savvy customers. Additional resources required: Research and development capabilities, investment in new technologies. Regulations: TechConnect needs to comply with intellectual property laws and regulations related to product safety. Similar things done by competing businesses: Competitors also focus on continuous innovation to differentiate their products.)\n\n3. Strategic Marketing and Partnerships: TechConnect plans to invest in targeted marketing campaigns to create buzz around their products and promotions. They will collaborate with influencers, tech reviewers, and media outlets to generate positive reviews and coverage. Additionally, strategic partnerships with content creators, app developers, and other technology companies will provide cross-promotional opportunities and expand their customer reach. (Will this make a difference: Yes, strategic marketing and partnerships can help increase brand visibility and reach a wider audience. Additional resources required: Marketing budget, partnerships with influencers and media outlets. Regulations: TechConnect needs to comply with advertising regulations and ensure transparency in partnerships. Similar things done by competing businesses: Competitors also invest in strategic marketing and partnerships to promote their products.)\n\nIt's important to note that the specific actions taken by TechConnect and the impact they will have can vary based on the company's previous strategies, competitors' actions, and the specific market conditions. The provided information is based on the available context and may not capture all the details."}"
2023-08-03 01:15:31.285585,"{'type': 'results_text', 'body': '#### Action: combination'}"
2023-08-03 01:15:41.249725,"{'type': 'results_text', 'body': 'Based on the available context, the company TechConnect has planned or is doing the following actions to achieve their revenue goals:\n\n1. Market Expansion and Penetration: TechConnect plans to expand its market presence in the US by establishing distribution centers strategically located in key regions across the country. They will forge partnerships with major retailers and carriers to ensure their smartphones are easily accessible to consumers nationwide. Aggressive marketing campaigns and promotional activities will be used to raise brand awareness and drive demand for their products.\n\n- Will this make a difference? Expanding market presence and forging partnerships can help TechConnect increase their customer reach and compete with other smartphone companies.\n- Additional resources required: TechConnect may require additional resources for setting up distribution centers, managing partnerships, and executing marketing campaigns.\n- Regulations to follow: TechConnect needs to comply with regulations related to distribution, partnerships, and marketing activities.\n- Similar actions by competitors: Competing businesses in the smartphone industry also focus on market expansion, partnerships with retailers and carriers, and aggressive marketing campaigns.\n\n2. Product Diversification: TechConnect plans to introduce a diverse range of smartphones and smart devices to cater to different customer segments. This includes flagship smartphones with cutting-edge features to attract tech enthusiasts and mid-range devices.\n\n- Will this make a difference? Introducing a diverse range of products can help TechConnect attract a wider customer base and differentiate themselves from competitors.\n- Additional resources required: TechConnect may require resources for research and development, manufacturing, and marketing of new products.\n- Regulations to follow: TechConnect needs to comply with regulations related to product safety, labeling, and marketing.\n- Similar actions by competitors: Competing businesses in the smartphone industry also focus on product diversification to cater to different customer segments.\n\n3. Continuous Innovation: TechConnect aims to provide innovative and futuristic features to their devices.\n\n- Will this make a difference? Continuous innovation can help TechConnect stay ahead of competitors and attract tech-savvy customers.\n- Additional resources required: TechConnect may require resources for research and development, testing, and implementation of innovative features.\n- Regulations to follow: TechConnect needs to comply with regulations related to product safety and intellectual property.\n- Similar actions by competitors: Competing businesses in the smartphone industry also emphasize continuous innovation to stay competitive.\n\n4. Sustainable Practices and Social Responsibility: TechConnect plans to implement eco-friendly manufacturing practices, focus on recycling and reducing waste, and emphasize their commitment to environmental and social causes.\n\n- Will this make a difference? Emphasizing sustainability and social responsibility can resonate with conscious consumers and enhance brand loyalty.\n- Additional resources required: TechConnect may require resources for implementing sustainable practices, waste management, and communicating their social responsibility initiatives.\n- Regulations to follow: TechConnect needs to comply with regulations related to environmental protection and labor practices.\n- Similar actions by competitors: Competing businesses in various industries also focus on sustainability and social responsibility to attract environmentally conscious consumers.\n\n5. Strategic Marketing and Partnerships: TechConnect plans to invest in targeted marketing campaigns, collaborate with influencers, tech reviewers, and media outlets, and form strategic partnerships with content creators, app developers, and other technology companies.\n\n- Will this make a difference? Strategic marketing and partnerships can help TechConnect create buzz around their products, generate positive reviews and coverage, and expand their customer reach.\n- Additional resources required: TechConnect may require resources for marketing campaigns, collaborations, and managing partnerships.\n- Regulations to follow: TechConnect needs to comply with regulations related to advertising, influencer marketing, and data privacy.\n- Similar actions by competitors: Competing businesses in the smartphone industry also invest in strategic marketing campaigns and form partnerships to enhance their brand visibility and reach.\n\nSOURCES: C:\\Users\\Hendrix\\Documents\\GitHub\\strategy-ai\\backend\\strategy_ai\\available_data\\visible_files\\client_files\\goals-for-new-revenue.txt'}"
2023-08-03 01:15:41.251726,"{'type': 'results_text', 'body': '#### Action: increase customer retention / decrease churn'}"
2023-08-03 01:15:41.251726,"{'type': 'results_text', 'body': "Based on the provided context, the company's strategy to increase customer retention or decrease churn is not explicitly mentioned. The available information focuses on the company's revenue goals and their plans for market expansion, product diversification, innovation, sustainable practices, and strategic marketing partnerships. Therefore, it is not possible to provide specific points regarding customer retention or churn reduction.\n\nHowever, it is important to note that customer retention and churn reduction are crucial aspects for any business. Companies often employ various strategies to achieve these goals, such as improving customer service, offering loyalty programs, providing personalized experiences, and addressing customer feedback.\n\nTo determine the specific actions that the company may be taking or planning to take to increase customer retention or decrease churn, it would be necessary to refer to additional information or sources that specifically address this topic.\n\nApologies for the inconvenience, but without further information, it is not possible to provide a comprehensive answer to your question."}"
2023-08-03 01:15:41.252800,"{'type': 'message', 'body': 'Finished task t2_assessment, uuid: bd7ea657-852c-4367-8231-83a139ef69e2.'}"
2023-08-03 01:15:41.252800,"{'type': 'message', 'body': 'Task t2_assessment, uuid: bd7ea657-852c-4367-8231-83a139ef69e2 took 0:00:25.887826.'}"
