2023-08-02 23:53:08.597732,"{'type': 'message', 'body': 'Starting task t1_surfacing, uuid: 6367bf8f-43e0-4fd0-bc3a-a418d6894284.'}"
2023-08-02 23:53:08.597732,"{'type': 'message', 'body': 'Running task SURFACING, uuid: 6367bf8f-43e0-4fd0-bc3a-a418d6894284.'}"
2023-08-02 23:53:08.597732,"{'type': 'results_text', 'body': '## Company Objectives'}"
2023-08-02 23:53:08.598762,"{'type': 'progress_info', 'body': 'Financial objectives complete:'}"
2023-08-02 23:53:08.598762,"{'type': 'results_text', 'body': '### Category: Financial'}"
2023-08-02 23:53:08.599768,"{'type': 'results_text', 'body': '#### topic: Increasing Revenue'}"
2023-08-02 23:53:08.599768,"{'type': 'results_text', 'body': '##### Text Response'}"
2023-08-02 23:53:19.132438,"{'type': 'results_text', 'body': '##### Formatted Response'}"
2023-08-02 23:53:19.133488,"{'type': 'progress_info', 'body': '- Increasing Revenue'}"
2023-08-02 23:53:19.133488,"{'type': 'results_text', 'body': '#### topic: Cost Reduction'}"
2023-08-02 23:53:19.133488,"{'type': 'results_text', 'body': '##### Text Response'}"
2023-08-02 23:53:19.134510,"{'type': 'results_text', 'body': '##### Formatted Response'}"
2023-08-02 23:53:19.134510,"{'type': 'progress_info', 'body': '- Cost Reduction'}"
2023-08-02 23:53:19.134510,"{'type': 'results_text', 'body': '#### topic: Asset Optimization'}"
2023-08-02 23:53:19.134510,"{'type': 'results_text', 'body': '##### Text Response'}"
2023-08-02 23:53:19.134510,"{'type': 'results_text', 'body': '##### Formatted Response'}"
2023-08-02 23:53:19.134510,"{'type': 'progress_info', 'body': '- Asset Optimization'}"
2023-08-02 23:53:19.135496,"{'type': 'progress_info', 'body': 'Customer objectives complete:'}"
2023-08-02 23:53:19.135496,"{'type': 'results_text', 'body': '### Category: Customer'}"
2023-08-02 23:53:19.135496,"{'type': 'results_text', 'body': '#### topic: Improving the Brand'}"
2023-08-02 23:53:19.135496,"{'type': 'results_text', 'body': '##### Text Response'}"
2023-08-02 23:53:19.136007,"{'type': 'results_text', 'body': '##### Formatted Response'}"
2023-08-02 23:53:19.136007,"{'type': 'progress_info', 'body': '- Improving the Brand'}"
2023-08-02 23:53:19.136007,"{'type': 'results_text', 'body': '#### topic: Customer Service'}"
2023-08-02 23:53:19.136007,"{'type': 'results_text', 'body': '##### Text Response'}"
2023-08-02 23:53:19.136007,"{'type': 'results_text', 'body': '##### Formatted Response'}"
2023-08-02 23:53:19.136007,"{'type': 'progress_info', 'body': '- Customer Service'}"
2023-08-02 23:53:19.136007,"{'type': 'results_text', 'body': '#### topic: Product Service/Functionality'}"
2023-08-02 23:53:19.136007,"{'type': 'results_text', 'body': '##### Text Response'}"
2023-08-02 23:53:19.137304,"{'type': 'results_text', 'body': '##### Formatted Response'}"
2023-08-02 23:53:19.137304,"{'type': 'progress_info', 'body': '- Product Service/Functionality'}"
2023-08-02 23:53:19.137304,"{'type': 'progress_info', 'body': 'Internal objectives complete:'}"
2023-08-02 23:53:19.137304,"{'type': 'results_text', 'body': '### Category: Internal'}"
2023-08-02 23:53:19.137304,"{'type': 'results_text', 'body': '#### topic: Operational Excellence'}"
2023-08-02 23:53:19.137304,"{'type': 'results_text', 'body': '##### Text Response'}"
2023-08-02 23:53:19.137304,"{'type': 'results_text', 'body': '##### Formatted Response'}"
2023-08-02 23:53:19.138314,"{'type': 'progress_info', 'body': '- Operational Excellence'}"
2023-08-02 23:53:19.138314,"{'type': 'results_text', 'body': '#### topic: Product Innovation'}"
2023-08-02 23:53:19.138314,"{'type': 'results_text', 'body': '##### Text Response'}"
2023-08-02 23:53:19.138314,"{'type': 'results_text', 'body': '##### Formatted Response'}"
2023-08-02 23:53:19.138314,"{'type': 'progress_info', 'body': '- Product Innovation'}"
2023-08-02 23:53:19.139313,"{'type': 'results_text', 'body': '#### topic: Regulatory Compliance'}"
2023-08-02 23:53:19.139313,"{'type': 'results_text', 'body': '##### Text Response'}"
2023-08-02 23:53:19.139313,"{'type': 'results_text', 'body': '##### Formatted Response'}"
2023-08-02 23:53:19.139313,"{'type': 'progress_info', 'body': '- Regulatory Compliance'}"
2023-08-02 23:53:19.139313,"{'type': 'results_text', 'body': '#### topic: Customer Intimacy'}"
2023-08-02 23:53:19.139313,"{'type': 'results_text', 'body': '##### Text Response'}"
2023-08-02 23:53:19.139313,"{'type': 'results_text', 'body': '##### Formatted Response'}"
2023-08-02 23:53:19.139313,"{'type': 'progress_info', 'body': '- Customer Intimacy'}"
2023-08-02 23:53:19.140442,"{'type': 'progress_info', 'body': 'Enabler objectives complete:'}"
2023-08-02 23:53:19.140442,"{'type': 'results_text', 'body': '### Category: Enabler'}"
2023-08-02 23:53:19.140442,"{'type': 'results_text', 'body': '#### topic: Strategic Assets'}"
2023-08-02 23:53:19.140442,"{'type': 'results_text', 'body': '##### Text Response'}"
2023-08-02 23:53:19.140442,"{'type': 'results_text', 'body': '##### Formatted Response'}"
2023-08-02 23:53:19.140442,"{'type': 'progress_info', 'body': '- Strategic Assets'}"
2023-08-02 23:53:19.141469,"{'type': 'results_text', 'body': '#### topic: Building a Climate for Action'}"
2023-08-02 23:53:19.141469,"{'type': 'results_text', 'body': '##### Text Response'}"
2023-08-02 23:53:19.141469,"{'type': 'results_text', 'body': '##### Formatted Response'}"
2023-08-02 23:53:19.141469,"{'type': 'progress_info', 'body': '- Building a Climate for Action'}"
2023-08-02 23:53:19.141469,"{'type': 'results_text', 'body': '#### topic: Attracting, Retaining, and Developing Talent'}"
2023-08-02 23:53:19.141469,"{'type': 'results_text', 'body': '##### Text Response'}"
2023-08-02 23:53:19.141469,"{'type': 'results_text', 'body': '##### Formatted Response'}"
2023-08-02 23:53:19.142479,"{'type': 'progress_info', 'body': '- Attracting, Retaining, and Developing Talent'}"
2023-08-02 23:53:19.142479,"{'type': 'message', 'body': 'Finished task t1_surfacing, uuid: 6367bf8f-43e0-4fd0-bc3a-a418d6894284.'}"
2023-08-02 23:53:19.142479,"{'type': 'message', 'body': 'Task t1_surfacing, uuid: 6367bf8f-43e0-4fd0-bc3a-a418d6894284 took 0:00:10.544747.'}"
