2023-07-24 18:21:31.886836,{'type': 'message', 'body': 'Starting task t1_surfacing, uuid: 0c5173e3-7d25-4a1a-9652-1bad2f270b93.'}
2023-07-24 18:21:31.887929,{'type': 'message', 'body': 'Running task t1_surfacing, uuid: 0c5173e3-7d25-4a1a-9652-1bad2f270b93.'}
2023-07-24 18:21:31.887929,{'type': 'results_text', 'body': '## Company Objectives\n'}
2023-07-24 18:21:31.887929,{'type': 'progress_info', 'body': 'financial objectives complete:\n'}
2023-07-24 18:21:31.887929,{'type': 'results_text', 'body': '### Category: financial\n'}
2023-07-24 18:21:32.536155,{'type': 'results_text', 'body': '#### topic: increasing revenue'}
2023-07-24 18:21:40.590313,{'type': 'results_text', 'body': '##### Text Response\n```text\n'}
2023-07-24 18:21:40.590313,{'type': 'results_text', 'body': 'Based on the provided context, here is a list of objectives addressing increasing revenue for the company:\n\n1. Increase production:\n   - AIS: 2,000 units per week\n   - Air Filters: 4,000 units per week\n   - Exhaust C/B: 500 units per week\n\n2. Expand to other adjacent markets:\n   - Off-road\n   - Exterior products\n   - Powersport\n   - Industrial filtration\n\n3. Increase revenue from direct sales channels:\n   - Drive 50% of revenue from the direct channel\n   - Increase capabilities to not depend on other channels to operate and be profitable\n\nSUGGESTIONS:\n- Improve customer experience to reduce waiting time, reduce calls for order status, and eliminate hassle for issuing customer credit back.\n- Re-align the entire company with the end-user and customers.\n- Grow direct sales channels to $10 million.\n- Replace lost Amazon business.\n- Utilize existing resources to do more with less.\n\nPlease note that these objectives are based on the provided context, and there may be additional objectives or suggestions that are not mentioned.\n```\n'}
2023-07-24 18:21:46.583050,{'type': 'results_text', 'body': '\n##### Function Response\n```text\n{\n  "objectives_list": [\n    {\n      "Verb": "Increase",\n      "Outcome": "production",\n      "Definition": "AIS-2K/Week, A/F 4K/Week, Exh C/B 500/wk",\n      "Source": "2022 Business Planning + Goals.xlsx"\n    },\n    {\n      "Verb": "Increase",\n      "Outcome": "revenue",\n      "Definition": "20% increase to $40M",\n      "Source": "2022 Business Planning + Goals.xlsx"\n    },\n    {\n      "Verb": "Replace",\n      "Outcome": "$5M lost Amazon business",\n      "Definition": "Replacing $5M in lost Amazon business",\n      "Source": "2022 Business Planning + Goals.xlsx"\n    }\n  ]\n}\n```\n'}
2023-07-24 18:21:46.583050,{'type': 'progress_info', 'body': '- increasing revenue\n'}
2023-07-24 18:21:47.207917,{'type': 'results_text', 'body': '#### topic: cost reduction'}
2023-07-24 18:21:58.953721,{'type': 'results_text', 'body': '##### Text Response\n```text\n'}
2023-07-24 18:21:58.953721,{'type': 'results_text', 'body': "Based on the available context, here is a list of objectives addressing cost reduction for the company:\n\n1. Reduce Inventory: Lower inventory by $1.0 million per year or $20,000 per week. (Source: 2H-2023 Business planning- OKR SN2 6th _June_23.xlsx)\n2. Reduce Payroll: Reduce payroll by 15% or $15,000 per week. (Source: 2H-2023 Business planning- OKR SN2 6th _June_23.xlsx)\n3. Reduce Fixed Expenses: Reduce fixed expenses by $250,000 or $5,000 per week. (Source: 2H-2023 Business planning- OKR SN2 6th _June_23.xlsx)\n4. Reduce Receiving: Reduce receiving by 20% or $125,000 over a 7-week moving average. (Source: 2H-2023 Business planning- OKR SN2 6th _June_23.xlsx)\n\nThese objectives focus on reducing costs in various areas such as inventory, payroll, fixed expenses, and receiving. They provide specific targets and metrics to track progress.\n\nIf we cannot find objectives specifically addressing cost reduction, here are some relevant suggestions based on the context:\n\n1. Automate Processes: Automate basic and repetitive processes to reduce labor costs and improve efficiency.\n2. Streamline Supply Chain: Improve information flow and collaboration among departments to minimize disruptions and optimize resource allocation.\n3. Optimize Production: Increase production capacity and output to meet demand through automation and efficient resource utilization.\n\nPlease note that these suggestions are based on the context provided and may not directly correspond to the company's actual objectives.\n```\n"}
2023-07-24 18:22:07.653194,{'type': 'results_text', 'body': '\n##### Function Response\n```text\n{\n  "objectives_list": [\n    {\n      "Verb": "Reduce",\n      "Outcome": "Inventory by $1.0M/Year",\n      "Definition": "Lower Inventory by $1.0M/Year; $20K/Wk.",\n      "Source": "2H-2023 Business planning- OKR SN2 6th _June_23.xlsx"\n    },\n    {\n      "Verb": "Reduce",\n      "Outcome": "Payroll by 15%",\n      "Definition": "Reduce Payroll by 15%,$15K/Wk.",\n      "Source": "2H-2023 Business planning- OKR SN2 6th _June_23.xlsx"\n    },\n    {\n      "Verb": "Reduce",\n      "Outcome": "Fixed expense- $250K",\n      "Definition": "Reduce Fixed expense- $250K,$5K/Wk.",\n      "Source": "2H-2023 Business planning- OKR SN2 6th _June_23.xlsx"\n    },\n    {\n      "Verb": "Reduce",\n      "Outcome": "Receiving by 20%",\n      "Definition": "Reduce Receiving by 20%;,$125K- 7WMA",\n      "Source": "2H-2023 Business planning- OKR SN2 6th _June_23.xlsx"\n    }\n  ]\n}\n```\n'}
2023-07-24 18:22:07.653194,{'type': 'progress_info', 'body': '- cost reduction\n'}
2023-07-24 18:22:08.192364,{'type': 'results_text', 'body': '#### topic: asset optimization'}
2023-07-24 18:22:13.098005,{'type': 'results_text', 'body': '##### Text Response\n```text\n'}
2023-07-24 18:22:13.098526,{'type': 'results_text', 'body': "Based on the provided context, I couldn't find specific objectives addressing asset optimization. However, I can provide some relevant suggestions based on the context:\n\n1. Increase production efficiency: Implement automation and streamline processes to optimize asset utilization and maximize production output.\n2. Improve inventory management: Implement inventory control measures to ensure optimal levels of inventory and minimize excess or obsolete stock.\n3. Enhance supply chain management: Improve coordination and communication among departments, suppliers, and customers to optimize the flow of materials and minimize disruptions.\n\nThese suggestions aim to improve operational efficiency and optimize the utilization of company assets, although they may not be explicitly mentioned in the context.\n```\n"}
2023-07-24 18:22:22.803181,{'type': 'results_text', 'body': '\n##### Function Response\n```text\n{\n  "objectives_list": [\n    {\n      "Verb": "Increase",\n      "Outcome": "Production",\n      "Definition": "A/F 7.5k/Wk.; AiS 3.5K/Wk; C/B 500/wk.",\n      "Source": "2022 Business Planning + Goals.xlsx"\n    },\n    {\n      "Verb": "Increase",\n      "Outcome": "FG% of inventory",\n      "Definition": "to 50%",\n      "Source": "2022 Business Planning + Goals.xlsx"\n    },\n    {\n      "Verb": "Increase",\n      "Outcome": "our ability to produce products to fulfill the backorders and increase our service level",\n      "Definition": "",\n      "Source": "2022 Business Planning + Goals.xlsx"\n    },\n    {\n      "Verb": "Automate",\n      "Outcome": "basic, repetitive processes",\n      "Definition": "use staff for where they\'re most needed",\n      "Source": "2022 Business Planning + Goals.xlsx"\n    },\n    {\n      "Verb": "Build",\n      "Outcome": "FG inventory",\n      "Definition": "",\n      "Source": "2022 Business Planning + Goals.xlsx"\n    }\n  ]\n}\n```\n'}
2023-07-24 18:22:22.803181,{'type': 'progress_info', 'body': '- asset optimization\n'}
2023-07-24 18:22:22.803181,{'type': 'progress_info', 'body': 'customer objectives complete:\n'}
2023-07-24 18:22:22.803181,{'type': 'results_text', 'body': '### Category: customer\n'}
2023-07-24 18:22:23.007621,{'type': 'results_text', 'body': '#### topic: improving the brand'}
2023-07-24 18:22:31.495959,{'type': 'results_text', 'body': '##### Text Response\n```text\n'}
2023-07-24 18:22:31.495959,{'type': 'results_text', 'body': "Based on the provided context, I couldn't find specific objectives addressing improving the brand. However, I can provide some relevant suggestions based on the context:\n\n1. Enhance Customer Experience: The company can focus on reducing waiting time, minimizing calls for order status, and eliminating hassles for issuing customer credit back. This will improve customer satisfaction and contribute to a positive brand image.\n\n2. Expand Direct Sales Channels: The company can aim to grow direct sales channels to increase revenue and reach a wider customer base. This can be achieved through strategies such as web migration to a more efficient platform like Magento 2.0 and B2B website upgrades.\n\n3. Re-align Company with End-users and Customers: The company can prioritize aligning its operations and strategies with the needs and preferences of end-users and customers. This can involve conducting market research, understanding customer pain points, and developing products and services that cater to their demands.\n\nPlease note that these suggestions are based on the context provided and may not directly correspond to the company's actual objectives. For a more accurate understanding of the company's objectives, it would be best to refer to the specific documents mentioned in the context.\n```\n"}
2023-07-24 18:22:43.288215,{'type': 'results_text', 'body': '\n##### Function Response\n```text\n{\n  "objectives_list": [\n    {\n      "Verb": "Improve",\n      "Outcome": "Customer experience",\n      "Definition": "Reduce waiting time, reduce calls for order status, eliminate hassle for issuing customer their credit back.",\n      "Source": "2022 Business Planning + Goals (page 1 - Master Plan 2022).pdf"\n    },\n    {\n      "Verb": "Replace",\n      "Outcome": "Amazon $5M lost business",\n      "Definition": "",\n      "Source": "2022 Business Planning + Goals (page 1 - Master Plan 2022).pdf"\n    },\n    {\n      "Verb": "Re-align",\n      "Outcome": "entire company with the end-user + customers",\n      "Definition": "",\n      "Source": "2022 Business Planning + Goals (page 1 - Master Plan 2022).pdf"\n    },\n    {\n      "Verb": "Web migration",\n      "Outcome": "to Magento 2.0",\n      "Definition": "",\n      "Source": "2022 Business Planning + Goals (page 1 - Master Plan 2022).pdf"\n    },\n    {\n      "Verb": "Expand",\n      "Outcome": "to other adjacent markets",\n      "Definition": "Off-road; Paper Air filter, Life style focused, Exterior products; Powersport; Industrial filtration, using our core competencies of Design, Plastics and Steel/AL. tubing fabrication",\n      "Source": "2022 Business Planning + Goals (page 1 - Master Plan 2022).pdf"\n    }\n  ]\n}\n```\n'}
2023-07-24 18:22:43.288215,{'type': 'progress_info', 'body': '- improving the brand\n'}
2023-07-24 18:22:43.890955,{'type': 'results_text', 'body': '#### topic: Customer Service'}
2023-07-24 18:22:53.805081,{'type': 'results_text', 'body': '##### Text Response\n```text\n'}
2023-07-24 18:22:53.805081,{'type': 'results_text', 'body': 'Based on the provided context, here is a list of objectives addressing Customer Service for this company:\n\n1. Objective: Improve Consumer Customer Service (Tech and support)\n   - Function: Tech and support\n   - Description: Address the broken consumer customer service and improve its efficiency and effectiveness through zero-based approach.\n\n2. Objective: Re-engineer Customer Service from the bottom up\n   - Function: Customer Service\n   - Description: Implement a comprehensive re-engineering process to enhance the customer service experience and optimize its operations.\n\n3. Objective: Reduce tech calls for replacement parts\n   - Function: Customer Service\n   - Description: Implement measures to reduce the number of tech calls for replacement parts by 50%, improving the efficiency of customer service and reducing costs.\n\nSUGGESTIONS (if no specific objectives on Customer Service are found):\n\n1. Objective: Enhance customer satisfaction through improved response time\n   - Function: Customer Service\n   - Description: Implement strategies to reduce response time to customer inquiries and issues, aiming to enhance customer satisfaction and loyalty.\n\n2. Objective: Implement customer feedback system for continuous improvement\n   - Function: Customer Service\n   - Description: Establish a customer feedback system to gather insights and suggestions for improving customer service processes and overall customer experience.\n\n3. Objective: Enhance training and development programs for customer service representatives\n   - Function: Customer Service\n   - Description: Invest in training and development programs to equip customer service representatives with the necessary skills and knowledge to provide exceptional service to customers.\n```\n'}
2023-07-24 18:22:59.599267,{'type': 'results_text', 'body': '\n##### Function Response\n```text\n{\n  "objectives_list": [\n    {\n      "Verb": "Customer Service",\n      "Outcome": "Reduce back log and product shortages",\n      "Definition": "Increase product availability",\n      "Source": "2022 Business Planning + Goals.xlsx, Mater Plan 2022"\n    },\n    {\n      "Verb": "Customer Service",\n      "Outcome": "Improve Tech and support",\n      "Definition": "Zero-based approach",\n      "Source": "2022 Business Planning + Goals.xlsx, Mater Plan 2022"\n    },\n    {\n      "Verb": "Customer Service",\n      "Outcome": "Reduce tech calls for replacement parts",\n      "Definition": "Layout improvement for spare parts",\n      "Source": "2022 Business Planning + Goals.xlsx, Goals"\n    }\n  ]\n}\n```\n'}
2023-07-24 18:22:59.599267,{'type': 'progress_info', 'body': '- Customer Service\n'}
2023-07-24 18:23:00.091540,{'type': 'results_text', 'body': '#### topic: Product Service/Functionality'}
2023-07-24 18:23:06.313713,{'type': 'results_text', 'body': '##### Text Response\n```text\n'}
2023-07-24 18:23:06.313713,{'type': 'results_text', 'body': "Based on the available context, I couldn't find specific objectives addressing Product Service/Functionality. However, I can provide some relevant suggestions based on the context:\n\n1. Improve product descriptions on Amazon: Enhance the accuracy and clarity of product descriptions on Amazon to attract more customers and increase sales.\n2. Reduce shipping costs: Implement strategies to lower the cost of shipping products, such as negotiating better rates with shipping providers or optimizing packaging.\n3. Increase sales of specific items: Develop visual selection guides or other marketing materials to promote and increase sales of specific products, such as UCO/Prefilters/Coupler/URP.\n\nPlease note that these suggestions are based on the available context and may not reflect the actual objectives of the company. For more accurate information, it would be best to refer to the complete business planning document.\n```\n"}
2023-07-24 18:23:15.507815,{'type': 'results_text', 'body': '\n##### Function Response\n```text\n{\n  "objectives_list": [\n    {\n      "Verb": "Increase",\n      "Outcome": "Air filter production",\n      "Definition": "Increase Air filter production, to 5K/Week",\n      "Source": "C:\\\\Users\\\\Hendrix\\\\Documents\\\\GitHub\\\\strategy-ai\\\\backend\\\\strategy_ai\\\\available_data\\\\visible_files\\\\client_files\\\\2022 Business Planning + Goals.xlsx, on page: Goals"\n    },\n    {\n      "Verb": "Increase",\n      "Outcome": "ExH C/B production",\n      "Definition": "Increase ExH C/B production to 500 CB/Wk.",\n      "Source": "C:\\\\Users\\\\Hendrix\\\\Documents\\\\GitHub\\\\strategy-ai\\\\backend\\\\strategy_ai\\\\available_data\\\\visible_files\\\\client_files\\\\2022 Business Planning + Goals.xlsx, on page: Goals"\n    },\n    {\n      "Verb": "Increase",\n      "Outcome": "AiS Kitting",\n      "Definition": "Increase AiS Kitting to 2.5K/Wk",\n      "Source": "C:\\\\Users\\\\Hendrix\\\\Documents\\\\GitHub\\\\strategy-ai\\\\backend\\\\strategy_ai\\\\available_data\\\\visible_files\\\\client_files\\\\2022 Business Planning + Goals.xlsx, on page: Goals"\n    }\n  ]\n}\n```\n'}
2023-07-24 18:23:15.507815,{'type': 'progress_info', 'body': '- Product Service/Functionality\n'}
2023-07-24 18:23:15.507815,{'type': 'progress_info', 'body': 'internal objectives complete:\n'}
2023-07-24 18:23:15.507815,{'type': 'results_text', 'body': '### Category: internal\n'}
2023-07-24 18:23:15.663961,{'type': 'results_text', 'body': '#### topic: Operational Excellence'}
2023-07-24 18:23:20.013328,{'type': 'results_text', 'body': '##### Text Response\n```text\n'}
2023-07-24 18:23:20.013328,{'type': 'results_text', 'body': "Based on the available context, I couldn't find any specific objectives addressing Operational Excellence for this company. However, based on the context, here are some relevant suggestions for objectives related to Operational Excellence:\n\n1. Improve production efficiency: Implement process improvements and automation to increase production output and reduce waste.\n2. Enhance supply chain management: Streamline logistics and optimize inventory management to ensure timely delivery and minimize costs.\n3. Implement quality control measures: Establish rigorous quality control processes to ensure consistent product quality and customer satisfaction.\n\nPlease note that these suggestions are based on the general concept of Operational Excellence and may not directly reflect the objectives of the company in question.\n```\n"}
2023-07-24 18:23:34.870627,{'type': 'results_text', 'body': '\n##### Function Response\n```text\n{\n  "objectives_list": [\n    {\n      "Verb": "Increase",\n      "Outcome": "Air filter production, to 5K/Week",\n      "Definition": "",\n      "Source": "2022 Business Planning + Goals.xlsx"\n    },\n    {\n      "Verb": "Increase",\n      "Outcome": "ExH C/B production to 500 CB/Wk.",\n      "Definition": "",\n      "Source": "2022 Business Planning + Goals.xlsx"\n    },\n    {\n      "Verb": "Increase",\n      "Outcome": "AiS Kitting to 2.5K/Wk",\n      "Definition": "",\n      "Source": "2022 Business Planning + Goals.xlsx"\n    },\n    {\n      "Verb": "Reduce",\n      "Outcome": "Backorder to less than 60 days",\n      "Definition": "",\n      "Source": "2022 Business Planning + Goals.xlsx"\n    },\n    {\n      "Verb": "Increase",\n      "Outcome": "Production",\n      "Definition": "",\n      "Source": "2022 Business Planning + Goals.xlsx"\n    },\n    {\n      "Verb": "Increase",\n      "Outcome": "our ability to produce products to fulfill the backorders and increase our service level.",\n      "Definition": "",\n      "Source": "2022 Business Planning + Goals.xlsx"\n    },\n    {\n      "Verb": "Increase",\n      "Outcome": "Production",\n      "Definition": "",\n      "Source": "2022 Business Planning + Goals.xlsx"\n    },\n    {\n      "Verb": "Increase",\n      "Outcome": "production to 2,000 kits a week.",\n      "Definition": "",\n      "Source": "2022 Business Planning + Goals.xlsx"\n    },\n    {\n      "Verb": "Improve",\n      "Outcome": "Robotic Production, get aggressive on high quality exhausts.",\n      "Definition": "",\n      "Source": "2022 Business Planning + Goals.xlsx"\n    }\n  ]\n}\n```\n'}
2023-07-24 18:23:34.870627,{'type': 'progress_info', 'body': '- Operational Excellence\n'}
2023-07-24 18:23:35.146849,{'type': 'results_text', 'body': '#### topic: Product Innovation'}
2023-07-24 18:23:40.395993,{'type': 'results_text', 'body': '##### Text Response\n```text\n'}
2023-07-24 18:23:40.395993,{'type': 'results_text', 'body': 'Based on the provided context, here are the objectives addressing Product Innovation for this company:\n\n1. LC300 Platform: The objective is to grow the business by 20% using the LC300 platform.\n2. 50 New CPN Intakes: The objective is to introduce 50 new CPN (Customer Part Number) intakes.\n3. 75 New C/B Exhaust: The objective is to develop and launch 75 new C/B (Customer/Business) exhaust products.\n\nThese objectives are mentioned in the "Goals" section of the 2022 Business Planning + Goals document.\n\nSOURCES: C:\\Users\\Hendrix\\Documents\\GitHub\\strategy-ai\\backend\\strategy_ai\\available_data\\visible_files\\client_files\\2022 Business Planning + Goals.xlsx (Goals)\n```\n'}
2023-07-24 18:23:45.779298,{'type': 'results_text', 'body': '\n##### Function Response\n```text\n{\n  "objectives_list": [\n    {\n      "Verb": "Grow business by 20%",\n      "Outcome": "",\n      "Definition": "",\n      "Source": "C:\\\\Users\\\\Hendrix\\\\Documents\\\\GitHub\\\\strategy-ai\\\\backend\\\\strategy_ai\\\\available_data\\\\visible_files\\\\client_files\\\\2022 Business Planning + Goals.xlsx"\n    },\n    {\n      "Verb": "Improve cashflow",\n      "Outcome": "",\n      "Definition": "",\n      "Source": "C:\\\\Users\\\\Hendrix\\\\Documents\\\\GitHub\\\\strategy-ai\\\\backend\\\\strategy_ai\\\\available_data\\\\visible_files\\\\client_files\\\\2022 Business Planning + Goals.xlsx"\n    }\n  ]\n}\n```\n'}
2023-07-24 18:23:45.779298,{'type': 'progress_info', 'body': '- Product Innovation\n'}
2023-07-24 18:23:45.873828,{'type': 'results_text', 'body': '#### topic: Regulatory Compliance'}
2023-07-24 18:23:52.120078,{'type': 'results_text', 'body': '##### Text Response\n```text\n'}
2023-07-24 18:23:52.120078,{'type': 'results_text', 'body': "Based on the provided context, I couldn't find any specific objectives addressing Regulatory Compliance. However, based on the context, here are some relevant suggestions for objectives related to Regulatory Compliance:\n\n1. Ensure compliance with all applicable regulations and standards: Develop and implement processes and procedures to ensure that the company complies with all relevant regulations and standards in its operations.\n\n2. Conduct regular audits and assessments: Establish a system for conducting regular audits and assessments to identify any potential compliance issues and take appropriate corrective actions.\n\n3. Stay updated on regulatory changes: Establish a process to monitor and stay updated on any changes in regulations and standards that may impact the company's operations, and ensure timely compliance with these changes.\n\nPlease note that these suggestions are based on the context provided and may not reflect the actual objectives of the company. It is recommended to refer to the company's official documents or consult with relevant stakeholders for accurate information on their objectives related to Regulatory Compliance.\n\n\n```\n"}
2023-07-24 18:23:55.287089,{'type': 'results_text', 'body': '\n##### Function Response\n```text\n{\n  "objectives_list": [\n    {\n      "Verb": "Simplify and streamline",\n      "Outcome": "shipping",\n      "Definition": "",\n      "Source": "Week #44"\n    },\n    {\n      "Verb": "Start placing systems in places",\n      "Outcome": "",\n      "Definition": "",\n      "Source": "Week #44"\n    }\n  ]\n}\n```\n'}
2023-07-24 18:23:55.288091,{'type': 'progress_info', 'body': '- Regulatory Compliance\n'}
2023-07-24 18:23:55.416662,{'type': 'results_text', 'body': '#### topic: Customer Intimacy'}
2023-07-24 18:23:59.697659,{'type': 'results_text', 'body': '##### Text Response\n```text\n'}
2023-07-24 18:23:59.697659,{'type': 'results_text', 'body': "Based on the available context, I couldn't find specific objectives addressing Customer Intimacy for this company. However, I can provide some relevant suggestions based on the context:\n\n1. Improve customer experience: Reduce waiting time, reduce calls for order status, and eliminate hassle for issuing customer credit back.\n2. Increase customer retention: Implement strategies to retain existing customers and build long-term relationships.\n3. Enhance customer communication: Improve communication across the company to ensure that plans are executed as intended and to address any customer concerns or feedback.\n\nThese suggestions aim to improve customer satisfaction, loyalty, and engagement, which are important aspects of customer intimacy.\n```\n"}
2023-07-24 18:24:09.892482,{'type': 'results_text', 'body': '\n##### Function Response\n```text\n{\n  "objectives_list": [\n    {\n      "Verb": "1. Amazon description improved",\n      "Outcome": "Amazon cancellation reduced by 50%",\n      "Definition": "",\n      "Source": "2022 Business Planning + Goals.xlsx"\n    },\n    {\n      "Verb": "2. Export Orders shipped quicker",\n      "Outcome": "99% Orders shipped 13 Wks",\n      "Definition": "",\n      "Source": "2022 Business Planning + Goals.xlsx"\n    },\n    {\n      "Verb": "3. Shipping cost lowered",\n      "Outcome": "Cost of shipping under $50, limit $5",\n      "Definition": "",\n      "Source": "2022 Business Planning + Goals.xlsx"\n    },\n    {\n      "Verb": "4. Spare parts layout",\n      "Outcome": "Tech calls for replacement parts reduced by 50%",\n      "Definition": "",\n      "Source": "2022 Business Planning + Goals.xlsx"\n    },\n    {\n      "Verb": "5. UCO/Prefilters/Coupler/URP.. Visual selection guide",\n      "Outcome": "Sales of items increase by 100%",\n      "Definition": "",\n      "Source": "2022 Business Planning + Goals.xlsx"\n    }\n  ]\n}\n```\n'}
2023-07-24 18:24:09.893481,{'type': 'progress_info', 'body': '- Customer Intimacy\n'}
2023-07-24 18:24:09.893481,{'type': 'progress_info', 'body': 'enabler objectives complete:\n'}
2023-07-24 18:24:09.893481,{'type': 'results_text', 'body': '### Category: enabler\n'}
2023-07-24 18:24:10.046728,{'type': 'results_text', 'body': '#### topic: Strategic Assets'}
2023-07-24 18:24:17.546395,{'type': 'results_text', 'body': '##### Text Response\n```text\n'}
2023-07-24 18:24:17.546395,{'type': 'results_text', 'body': "Based on the provided context, I couldn't find any specific objectives addressing Strategic Assets. However, I can provide some relevant suggestions based on the context:\n\n1. Improve inventory management: Implement strategies to optimize inventory levels, reduce shortages, and improve overall inventory accuracy. This can involve implementing inventory tracking systems, improving forecasting methods, and establishing efficient replenishment processes.\n\n2. Enhance production capabilities: Invest in technology and automation to increase production capacity and efficiency. This can include implementing production automation systems, streamlining processes, and exploring opportunities for outsourcing or partnerships to expand production capabilities.\n\n3. Diversify customer channels: Reduce dependence on specific channels (e.g., Amazon) and expand direct sales channels to increase revenue and profitability. This can involve developing a robust direct-to-consumer strategy, improving online platforms and e-commerce capabilities, and exploring new market segments or industries to expand customer reach.\n\nPlease note that these suggestions are based on the context provided and may not directly reflect the company's specific objectives.\n```\n"}
2023-07-24 18:24:34.708025,{'type': 'results_text', 'body': '\n##### Function Response\n```text\n{\n  "objectives_list": [\n    {\n      "Verb": "Building",\n      "Outcome": "FG inventory",\n      "Definition": "Technology, Automation, SAW, capitalize on Fox/King backorders. Need programs, inventory & new applications",\n      "Source": "C:\\\\Users\\\\Hendrix\\\\Documents\\\\GitHub\\\\strategy-ai\\\\backend\\\\strategy_ai\\\\available_data\\\\visible_files\\\\client_files\\\\2022 Business Planning + Goals.xlsx, on page: Week #44"\n    },\n    {\n      "Verb": "Increase",\n      "Outcome": "Production",\n      "Definition": "Look to find people and/or processes to eliminate myself (succession plan)",\n      "Source": "C:\\\\Users\\\\Hendrix\\\\Documents\\\\GitHub\\\\strategy-ai\\\\backend\\\\strategy_ai\\\\available_data\\\\visible_files\\\\client_files\\\\2022 Business Planning + Goals.xlsx, on page: Week #44"\n    },\n    {\n      "Verb": "Increase",\n      "Outcome": "Production",\n      "Definition": "Increase our ability to produce products to fulfill the backorders and increase our service level.",\n      "Source": "C:\\\\Users\\\\Hendrix\\\\Documents\\\\GitHub\\\\strategy-ai\\\\backend\\\\strategy_ai\\\\available_data\\\\visible_files\\\\client_files\\\\2022 Business Planning + Goals.xlsx, on page: Week #44"\n    },\n    {\n      "Verb": "Move",\n      "Outcome": "to 1375 AIS with inventory locations and counts",\n      "Definition": "Shipping: key staff / processes",\n      "Source": "C:\\\\Users\\\\Hendrix\\\\Documents\\\\GitHub\\\\strategy-ai\\\\backend\\\\strategy_ai\\\\available_data\\\\visible_files\\\\client_files\\\\2022 Business Planning + Goals.xlsx, on page: Week #44"\n    },\n    {\n      "Verb": "Secure and deliver",\n      "Outcome": "V&H and other Powersports filter opportunities",\n      "Definition": "Materials",\n      "Source": "C:\\\\Users\\\\Hendrix\\\\Documents\\\\GitHub\\\\strategy-ai\\\\backend\\\\strategy_ai\\\\available_data\\\\visible_files\\\\client_files\\\\2022 Business Planning + Goals.xlsx, on page: Week #44"\n    }\n  ]\n}\n```\n'}
2023-07-24 18:24:34.708025,{'type': 'progress_info', 'body': '- Strategic Assets\n'}
2023-07-24 18:24:34.859291,{'type': 'results_text', 'body': '#### topic: building a climate for action'}
2023-07-24 18:24:41.351194,{'type': 'results_text', 'body': '##### Text Response\n```text\n'}
2023-07-24 18:24:41.351194,{'type': 'results_text', 'body': "Based on the provided context, I couldn't find any specific objectives addressing building a climate for action. However, I can provide some relevant suggestions based on the context:\n\n1. Increase Production: Aim to increase production capacity to meet demand and fulfill backorders. This can be achieved through production automation, finding ways to eliminate inefficiencies, and increasing the ability to produce products.\n\n2. Improve Customer Experience: Focus on reducing waiting time, minimizing the need for customers to call for order status, and eliminating hassles in issuing customer credits. This can enhance customer satisfaction and loyalty.\n\n3. Expand to Other Markets: Explore opportunities to expand into adjacent markets such as off-road, paper air filters, lifestyle-focused products, exterior products, powersport, and industrial filtration. Utilize core competencies in design, plastics, and tubing fabrication to enter these markets.\n\nPlease note that these suggestions are based on the context provided and may not directly correspond to the company's specific objectives.\n```\n"}
2023-07-24 18:24:51.911086,{'type': 'results_text', 'body': '\n##### Function Response\n```text\n{\n  "objectives_list": [\n    {\n      "Verb": "Increase",\n      "Outcome": "Production",\n      "Definition": "Increase our ability to produce products to fulfill the backorders and increase our service level.",\n      "Source": "C:\\\\Users\\\\Hendrix\\\\Documents\\\\GitHub\\\\strategy-ai\\\\backend\\\\strategy_ai\\\\available_data\\\\visible_files\\\\client_files\\\\2022 Business Planning + Goals.xlsx, on page: Week #44"\n    },\n    {\n      "Verb": "Improve",\n      "Outcome": "Customer experience",\n      "Definition": "Reduce waiting time, reduce calls for order status, eliminate hassle for issuing customer their credit back.",\n      "Source": "C:\\\\Users\\\\Hendrix\\\\Documents\\\\GitHub\\\\strategy-ai\\\\backend\\\\strategy_ai\\\\available_data\\\\visible_files\\\\client_files\\\\2022 Business Planning + Goals (page 1 - Master Plan 2022).pdf, on page: None"\n    },\n    {\n      "Verb": "Increase",\n      "Outcome": "capabilities",\n      "Definition": "Not depend on other channels to operate and be profitable.",\n      "Source": "C:\\\\Users\\\\Hendrix\\\\Documents\\\\GitHub\\\\strategy-ai\\\\backend\\\\strategy_ai\\\\available_data\\\\visible_files\\\\client_files\\\\2022 Business Planning + Goals (page 1 - Master Plan 2022).pdf, on page: None"\n    }\n  ]\n}\n```\n'}
2023-07-24 18:24:51.911086,{'type': 'progress_info', 'body': '- building a climate for action\n'}
2023-07-24 18:24:53.469489,{'type': 'results_text', 'body': '#### topic: attracting, retaining, and developing talent'}
2023-07-24 18:24:59.391319,{'type': 'results_text', 'body': '##### Text Response\n```text\n'}
2023-07-24 18:24:59.391319,{'type': 'results_text', 'body': "Based on the provided context, I couldn't find any specific objectives addressing attracting, retaining, and developing talent. However, I can provide some relevant suggestions based on the context:\n\n1. Improve Staffing and Retention: Develop strategies to attract and retain quality employees, such as implementing competitive compensation packages, offering career development opportunities, and creating a positive work culture.\n\n2. Enhance Training and Development Programs: Invest in training and development programs to upskill and empower employees. This can include providing ongoing training, mentorship programs, and opportunities for professional growth.\n\n3. Streamline Recruitment Process: Improve the recruitment process to attract top talent efficiently. This can involve optimizing job postings, leveraging technology for candidate sourcing and screening, and implementing effective interviewing and selection techniques.\n\nPlease note that these suggestions are based on the context provided and may not reflect the actual objectives of the company.\n```\n"}
2023-07-24 18:25:10.366738,{'type': 'results_text', 'body': '\n##### Function Response\n```text\n{\n  "objectives_list": [\n    {\n      "Verb": "Staffing",\n      "Outcome": "Retaining Employees",\n      "Definition": "",\n      "Source": "C:\\\\Users\\\\Hendrix\\\\Documents\\\\GitHub\\\\strategy-ai\\\\backend\\\\strategy_ai\\\\available_data\\\\visible_files\\\\client_files\\\\2022 Business Planning + Goals.xlsx, on page: Week #44"\n    },\n    {\n      "Verb": "Get wrong people off the bus",\n      "Outcome": "",\n      "Definition": "",\n      "Source": "C:\\\\Users\\\\Hendrix\\\\Documents\\\\GitHub\\\\strategy-ai\\\\backend\\\\strategy_ai\\\\available_data\\\\visible_files\\\\client_files\\\\2022 Business Planning + Goals.xlsx, on page: Week #44"\n    },\n    {\n      "Verb": "Retrain hourly personnel",\n      "Outcome": "Reestablish company culture",\n      "Definition": "",\n      "Source": "C:\\\\Users\\\\Hendrix\\\\Documents\\\\GitHub\\\\strategy-ai\\\\backend\\\\strategy_ai\\\\available_data\\\\visible_files\\\\client_files\\\\2022 Business Planning + Goals.xlsx, on page: Week #44"\n    },\n    {\n      "Verb": "Hire Experienced Logistics Manager & Shock Engineer",\n      "Outcome": "",\n      "Definition": "",\n      "Source": "C:\\\\Users\\\\Hendrix\\\\Documents\\\\GitHub\\\\strategy-ai\\\\backend\\\\strategy_ai\\\\available_data\\\\visible_files\\\\client_files\\\\2022 Business Planning + Goals.xlsx, on page: Week #44"\n    }\n  ]\n}\n```\n'}
2023-07-24 18:25:10.366738,{'type': 'progress_info', 'body': '- attracting, retaining, and developing talent\n'}
