2023-08-07 08:56:04.497213,"{'type': 'message', 'body': 'Starting task t2_assessment, uuid: 880f3fb2-77e1-422e-bd15-81fa33bb6f96.'}"
2023-08-07 08:56:04.498213,"{'type': 'message', 'body': 'Running task ASSESSMENT, uuid: 880f3fb2-77e1-422e-bd15-81fa33bb6f96.'}"
2023-08-07 08:56:04.499258,"{'type': 'results_text', 'body': "## Feasibility Assessment on the company's goals"}"
2023-08-07 08:56:04.500219,"{'type': 'progress_info', 'body': 'increase sales revenue by 20% compared to last year (from 10M to 12M); actions assessed:'}"
2023-08-07 08:56:04.500219,"{'type': 'results_text', 'body': '### Goal Assessment for: increase sales revenue by 20% compared to last year (from 10M to 12M)'}"
2023-08-07 08:56:05.869681,"{'type': 'results_text', 'body': '#### Action: increase headcount'}"
2023-08-07 08:56:09.412299,"{'type': 'results_text', 'body': "[FactWithEvidence(fact='TechConnect plans to increase headcount by hiring more employees in various departments.', substring_quote=['Various Departments and Headcount:'])]"}"
2023-08-07 08:56:09.413553,"{'type': 'progress_info', 'body': '- increase headcount'}"
2023-08-07 08:56:09.413553,"{'type': 'results_text', 'body': '#### Action: increase price'}"
2023-08-07 08:56:22.321333,"{'type': 'results_text', 'body': '[FactWithEvidence(fact="TechConnect\'s primary focus is on expanding its market presence in the US. The company will establish distribution centers strategically located in key regions across the country. By forging partnerships with major retailers and carriers, TechConnect aims to ensure its smartphones are easily accessible to consumers nationwide. Aggressive marketing campaigns and promotional activities will help raise brand awareness and drive demand for their products.", substring_quote=[\'Market Expansion and Penetration\']), FactWithEvidence(fact=\'TechConnect will continue to innovate and introduce a diverse range of smartphones and smart devices to cater to different customer segments. This includes flagship smartphones with cutting-edge features to attract tech enthusiasts, mid-range devices\', substring_quote=[\'Product Diversification\']), FactWithEvidence(fact=\'marketing and partnerships will play a crucial role in driving sales and achieving these revenue milestones.\', substring_quote=[\'marketing and partnerships\']), FactWithEvidence(fact=\'By executing this multi-faceted approach, TechConnect aims to achieve their revenue goals and establish a strong foothold in the competitive US smartphone market. Continuous innovation, customer-centric practices, and a focus on brand value will be the driving forces behind their success.\', substring_quote=[\'continuous innovation, customer-centric practices, and a focus on brand value\']), FactWithEvidence(fact=\'With the rapid growth of 5G technology, TechConnect will invest in research and development to incorporate 5G capabilities across its product lineup. By offering 5G-enabled smartphones, the company can attract tech-savvy consumers looking for enhanced connectivity and faster data speeds. Additionally, TechConnect will explore emerging technologies such as augmented reality (AR), virtual reality (VR), and artificial intelligence (AI) to provide innovative and futuristic features to their devices.\', substring_quote=[\'Focus on 5G and Emerging Technologies\'])]'}"
2023-08-07 08:56:22.325646,"{'type': 'progress_info', 'body': '- increase price'}"
2023-08-07 08:56:22.325646,"{'type': 'results_text', 'body': '#### Action: enter new markets'}"
2023-08-07 08:56:22.325646,"{'type': 'results_text', 'body': '[FactWithEvidence(fact="Market Expansion and Penetration: TechConnect\'s primary focus is on expanding its market presence in the US. The company will establish distribution centers strategically located in key regions across the country. By forging partnerships with major retailers and carriers, TechConnect aims to ensure its smartphones are easily accessible to consumers nationwide. Aggressive marketing campaigns and promotional activities will help raise brand awareness and drive demand for their products.", substring_quote=[\'Market Expansion and Penetration:\', \'establish distribution centers\', \'forging partnerships with major retailers and carriers\', \'Aggressive marketing campaigns and promotional activities\'])]'}"
2023-08-07 08:56:22.327427,"{'type': 'progress_info', 'body': '- enter new markets'}"
2023-08-07 08:56:22.327427,"{'type': 'results_text', 'body': '#### Action: introduce new products'}"
2023-08-07 08:56:22.328939,"{'type': 'results_text', 'body': '[FactWithEvidence(fact="Market Expansion and Penetration: TechConnect\'s primary focus is on expanding its market presence in the US. The company will establish distribution centers strategically located in key regions across the country. By forging partnerships with major retailers and carriers, TechConnect aims to ensure its smartphones are easily accessible to consumers nationwide. Aggressive marketing campaigns and promotional activities will help raise brand awareness and drive demand for their products.", substring_quote=[\'Market Expansion and Penetration:\', \'establish distribution centers\', \'forging partnerships with major retailers and carriers\', \'Aggressive marketing campaigns and promotional activities\']), FactWithEvidence(fact=\'Product Diversification: TechConnect will continue to innovate and introduce a diverse range of smartphones and smart devices to cater to different customer segments. This includes flagship smartphones with cutting-edge features to attract tech enthusiasts, mid-range devices\', substring_quote=[\'Product Diversification:\', \'innovate and introduce a diverse range of smartphones and smart devices\'])]'}"
2023-08-07 08:56:22.329976,"{'type': 'progress_info', 'body': '- introduce new products'}"
2023-08-07 08:56:22.331449,"{'type': 'results_text', 'body': '#### Action: combination'}"
2023-08-07 08:56:24.803610,"{'type': 'results_text', 'body': '[FactWithEvidence(fact="Market Expansion and Penetration: TechConnect\'s primary focus is on expanding its market presence in the US. The company will establish distribution centers strategically located in key regions across the country. By forging partnerships with major retailers and carriers, TechConnect aims to ensure its smartphones are easily accessible to consumers nationwide. Aggressive marketing campaigns and promotional activities will help raise brand awareness and drive demand for their products.", substring_quote=[\'Market Expansion and Penetration:\', \'establish distribution centers\', \'forging partnerships with major retailers and carriers\', \'Aggressive marketing campaigns and promotional activities\']), FactWithEvidence(fact=\'Product Diversification: TechConnect will continue to innovate and introduce a diverse range of smartphones and smart devices to cater to different customer segments. This includes flagship smartphones with cutting-edge features to attract tech enthusiasts, mid-range devices\', substring_quote=[\'Product Diversification:\', \'innovate and introduce a diverse range of smartphones and smart devices\']), FactWithEvidence(fact="Sustainable Practices and Social Responsibility: TechConnect recognizes the growing importance of sustainability and social responsibility in today\'s market. The company will implement eco-friendly manufacturing practices and focus on recycling and reducing waste. Emphasizing their commitment to environmental and social causes can resonate with conscious consumers and enhance brand loyalty.", substring_quote=[\'Sustainable Practices and Social Responsibility:\', \'implement eco-friendly manufacturing practices\', \'focus on recycling and reducing waste\']), FactWithEvidence(fact=\'Strategic Marketing and Partnerships: TechConnect will invest in targeted marketing campaigns to create buzz around their products and promotions. They will collaborate with influencers, tech reviewers, and media outlets to generate positive reviews and coverage. Additionally, strategic partnerships with content creators, app developers, and other technology companies will provide cross-promotional opportunities and expand their customer reach.\', substring_quote=[\'Strategic Marketing and Partnerships:\', \'invest in targeted marketing campaigns\', \'collaborate with influencers, tech reviewers, and media outlets\', \'strategic partnerships with content creators, app developers, and other technology companies\'])]'}"
2023-08-07 08:56:24.810167,"{'type': 'progress_info', 'body': '- combination'}"
2023-08-07 08:56:24.810167,"{'type': 'results_text', 'body': '#### Action: increase customer retention / decrease churn'}"
2023-08-07 08:56:24.811255,"{'type': 'results_text', 'body': '[FactWithEvidence(fact="Market Expansion and Penetration: TechConnect\'s primary focus is on expanding its market presence in the US. The company will establish distribution centers strategically located in key regions across the country. By forging partnerships with major retailers and carriers, TechConnect aims to ensure its smartphones are easily accessible to consumers nationwide. Aggressive marketing campaigns and promotional activities will help raise brand awareness and drive demand for their products.", substring_quote=[\'Market Expansion and Penetration:\', \'establish distribution centers\', \'forge partnerships with major retailers and carriers\', \'aggressive marketing campaigns and promotional activities\']), FactWithEvidence(fact=\'Product Diversification: TechConnect will continue to innovate and introduce a diverse range of smartphones and smart devices to cater to different customer segments. This includes flagship smartphones with cutting-edge features to attract tech enthusiasts, mid-range devices\', substring_quote=[\'Product Diversification:\', \'innovate and introduce a diverse range of smartphones and smart devices\']), FactWithEvidence(fact=\'Enhanced Customer Support: TechConnect is investing in improving its customer support services. They are implementing a dedicated customer support team that will provide timely assistance and resolve customer issues effectively. This will help in increasing customer satisfaction and reducing churn.\', substring_quote=[\'Enhanced Customer Support:\', \'improving its customer support services\', \'implementing a dedicated customer support team\']), FactWithEvidence(fact=\'Personalized Offers and Loyalty Programs: TechConnect plans to introduce personalized offers and loyalty programs to reward and retain their existing customers. By analyzing customer data and preferences, they will create targeted offers and incentives to encourage repeat purchases and foster loyalty.\', substring_quote=[\'Personalized Offers and Loyalty Programs:\', \'introduce personalized offers and loyalty programs\', \'analyze customer data and preferences\'])]'}"
2023-08-07 08:56:24.815319,"{'type': 'progress_info', 'body': '- increase customer retention / decrease churn'}"
2023-08-07 08:56:24.816338,"{'type': 'message', 'body': 'Finished task t2_assessment, uuid: 880f3fb2-77e1-422e-bd15-81fa33bb6f96. It took 0:00:20.318106.'}"
