2023-08-03 01:18:22.184523,"{'type': 'message', 'body': 'Starting task t2_assessment, uuid: 8f51754b-ee70-4cc3-ba36-b3364f47c255.'}"
2023-08-03 01:18:22.184523,"{'type': 'message', 'body': 'Running task ASSESSMENT, uuid: 8f51754b-ee70-4cc3-ba36-b3364f47c255.'}"
2023-08-03 01:18:22.184523,"{'type': 'results_text', 'body': "## Feasibility Assessment on the company's goals"}"
2023-08-03 01:18:22.185525,"{'type': 'progress_info', 'body': 'increase sales revenue by 20% compared to last year (from 10M to 12M); actions assessed:'}"
2023-08-03 01:18:22.185525,"{'type': 'results_text', 'body': '### Goal Assessment for: increase sales revenue by 20% compared to last year (from 10M to 12M)'}"
2023-08-03 01:18:23.223570,"{'type': 'results_text', 'body': '#### Action: increase headcount'}"
2023-08-03 01:18:32.419986,"{'type': 'results_text', 'body': "Based on the available information, the company's plans or actions to increase headcount are not explicitly mentioned. Therefore, it is not possible to provide specific points regarding what the company is doing or planning to do to increase headcount.\n\nHowever, based on the context provided, we can make some general observations:\n\n- To increase headcount, the company may need to focus on expanding its operations, such as market expansion and penetration (mentioned in the context). This could involve establishing distribution centers, forging partnerships with retailers and carriers, and implementing aggressive marketing campaigns. These actions may require additional resources such as hiring more employees in sales, marketing, and logistics departments.\n\n- The regulations that need to be followed may vary depending on the country or region where the company plans to expand its operations. For example, in the context provided, TechConnect ensures strict compliance with Canadian regulations. If they plan to expand to the US, they would need to comply with US labor laws and regulations.\n\n- Regarding what similar things competing businesses have done, the available information does not provide specific details about the actions of competitors. It is important to conduct further research or analysis to understand the strategies and actions of competing businesses in terms of increasing headcount.\n\nOverall, without specific information about the company's plans or actions related to increasing headcount, it is difficult to provide a comprehensive answer to the questions regarding the impact, additional resources required, regulations, and similar actions of competing businesses."}"
2023-08-03 01:18:32.422331,"{'type': 'results_text', 'body': '#### Action: increase price'}"
2023-08-03 01:18:32.422331,"{'type': 'results_text', 'body': "Based on the provided context, there is no specific information about the company's plans to increase prices. The context mainly focuses on TechConnect's strategies for achieving revenue goals, market expansion, product diversification, marketing campaigns, partnerships, innovation, and brand value. Therefore, it is not possible to provide a list of actions related to increasing prices or answer the additional questions."}"
2023-08-03 01:18:32.422331,"{'type': 'results_text', 'body': '#### Action: enter new markets'}"
2023-08-03 01:18:33.013593,"{'type': 'results_text', 'body': "Based on the available context, here are the things that the company, TechConnect, is doing or has planned to do to enter new markets:\n\n1. Market Expansion and Penetration: TechConnect plans to establish distribution centers strategically located in key regions across the US. They will forge partnerships with major retailers and carriers to ensure their smartphones are easily accessible to consumers nationwide. This strategy will be supported by aggressive marketing campaigns and promotional activities to raise brand awareness and drive demand for their products.\n\n- Will this make a difference? Expanding market presence and establishing partnerships can help TechConnect increase its market share and reach a wider customer base. However, the effectiveness of this strategy will depend on the competition and the company's ability to differentiate itself in the market.\n\n- Additional resources required: TechConnect may require additional resources for setting up distribution centers, managing partnerships, and executing marketing campaigns. This could include investments in infrastructure, logistics, marketing teams, and advertising budgets.\n\n- Regulations to follow: TechConnect will need to comply with relevant regulations related to distribution, retail partnerships, and marketing practices in the target markets. This may include obtaining necessary licenses, adhering to advertising guidelines, and ensuring compliance with consumer protection laws.\n\n- Similar actions by competitors: Competing businesses in the smartphone industry have also focused on market expansion and penetration strategies. They establish distribution networks, form partnerships with retailers and carriers, and invest in marketing campaigns to gain market share and reach new customers.\n\nIt's important to note that the provided context may not cover all the actions and strategies implemented by TechConnect or its competitors. Additional information would be needed to provide a more comprehensive analysis."}"
2023-08-03 01:18:33.014604,"{'type': 'results_text', 'body': '#### Action: introduce new products'}"
2023-08-03 01:18:33.674397,"{'type': 'results_text', 'body': "Based on the available context, here are the things that the company, TechConnect, is doing or has planned to do to introduce new products:\n\n1. Product Diversification: TechConnect plans to introduce a diverse range of smartphones and smart devices to cater to different customer segments. This includes flagship smartphones with cutting-edge features to attract tech enthusiasts and mid-range devices. (No information is provided about the impact on previous years or competitors, additional resources required, regulations, or similar actions by competitors.)\n\nTo answer the additional questions for this point:\n- Will this make a difference? It is likely that product diversification can make a difference by attracting different customer segments and expanding the company's market reach.\n- What additional resources does the company require? The company may require resources for research and development, manufacturing, marketing, and distribution to carry out product diversification effectively.\n- What regulations need to be followed? The specific regulations that need to be followed may vary depending on the country and region where the products are being introduced. TechConnect would need to comply with relevant regulations related to product safety, labeling, and intellectual property rights.\n- What similar things have competing businesses done? Without specific information about competitors, it is difficult to determine the exact actions taken by competing businesses. However, it is common for smartphone companies to introduce a range of products targeting different customer segments to stay competitive in the market.\n\nPlease note that the available context does not provide comprehensive information about all the actions taken by the company or its competitors. Additional information would be needed to provide a more detailed analysis."}"
2023-08-03 01:18:33.675387,"{'type': 'results_text', 'body': '#### Action: combination'}"
2023-08-03 01:18:47.811150,"{'type': 'results_text', 'body': "Based on the available context, here are the things that the company, TechConnect, is doing or has planned to do to carry out the action of combination:\n\n1. Market Expansion and Penetration: TechConnect plans to expand its market presence in the US by establishing distribution centers strategically located in key regions across the country. They will forge partnerships with major retailers and carriers to ensure their smartphones are easily accessible to consumers nationwide. This will be supported by aggressive marketing campaigns and promotional activities to raise brand awareness and drive demand for their products.\n\n- Will this make a difference? Expanding market presence and forging partnerships can help TechConnect increase its market share and reach a wider customer base. This can potentially lead to increased sales and revenue.\n- Additional resources required: TechConnect may require additional resources for setting up distribution centers, managing partnerships, and executing marketing campaigns.\n- Regulations to follow: TechConnect will need to comply with regulations related to distribution, partnerships, and marketing activities in the US market.\n- Similar things done by competitors: Competing businesses in the smartphone industry have also focused on market expansion, partnerships with retailers and carriers, and aggressive marketing campaigns to increase their market share and reach.\n\n2. Product Diversification: TechConnect plans to introduce a diverse range of smartphones and smart devices to cater to different customer segments. This includes flagship smartphones with cutting-edge features to attract tech enthusiasts, as well as mid-range devices.\n\n- Will this make a difference? Introducing a diverse range of products can help TechConnect attract a wider customer base and cater to different market segments. This can potentially lead to increased sales and revenue.\n- Additional resources required: TechConnect may require additional resources for research and development, manufacturing, and marketing of new products.\n- Regulations to follow: TechConnect will need to comply with regulations related to product safety, certifications, and intellectual property rights.\n- Similar things done by competitors: Competing businesses in the smartphone industry have also focused on product diversification to cater to different customer segments and stay competitive in the market.\n\n3. Sustainable Practices and Social Responsibility: TechConnect recognizes the importance of sustainability and social responsibility. They plan to implement eco-friendly manufacturing practices, focus on recycling and reducing waste, and emphasize their commitment to environmental and social causes.\n\n- Will this make a difference? Emphasizing sustainable practices and social responsibility can resonate with conscious consumers and enhance brand loyalty. It can also help differentiate TechConnect from competitors who may not prioritize these aspects.\n- Additional resources required: TechConnect may require additional resources for implementing eco-friendly manufacturing practices, waste management systems, and communicating their sustainability initiatives.\n- Regulations to follow: TechConnect will need to comply with regulations related to environmental protection, waste management, and labor practices.\n- Similar things done by competitors: Competing businesses in various industries have also focused on sustainable practices and social responsibility to meet consumer expectations and enhance their brand image.\n\n4. Strategic Marketing and Partnerships: TechConnect plans to invest in targeted marketing campaigns to create buzz around their products and promotions. They will collaborate with influencers, tech reviewers, media outlets, content creators, app developers, and other technology companies to generate positive reviews, coverage, and cross-promotional opportunities.\n\n- Will this make a difference? Strategic marketing and partnerships can help TechConnect increase brand visibility, generate positive reviews, and reach a wider audience. This can potentially lead to increased sales and revenue.\n- Additional resources required: TechConnect may require additional resources for marketing campaigns, collaborations, and managing partnerships.\n- Regulations to follow: TechConnect will need to comply with regulations related to advertising, endorsements, and data privacy.\n- Similar things done by competitors: Competing businesses in the technology industry have also invested in strategic marketing campaigns and partnerships to promote their products, generate positive reviews, and expand their customer reach.\n\nIt's important to note that the specific actions and their impact may vary based on the company's previous strategies, competitors' actions, and the dynamic nature of the market. The provided information is based on the available context and does not cover all possible factors."}"
2023-08-03 01:18:47.813383,"{'type': 'results_text', 'body': '#### Action: increase customer retention / decrease churn'}"
2023-08-03 01:18:47.813383,"{'type': 'results_text', 'body': "Based on the provided context, the company's strategy to increase customer retention or decrease churn is not explicitly mentioned. The available information focuses on the company's revenue goals and their plans for market expansion, product diversification, innovation, sustainable practices, and strategic marketing partnerships. Therefore, it is not possible to provide specific points regarding customer retention or churn reduction.\n\nHowever, I can provide some general insights:\n\n- To increase customer retention or decrease churn, companies often focus on improving customer satisfaction, providing excellent customer service, and offering loyalty programs or incentives for repeat business.\n- Implementing personalized marketing strategies and targeted communication can also help in retaining customers.\n- Companies may invest in customer relationship management (CRM) systems to better understand customer needs and preferences and to track customer interactions and feedback.\n\nTo determine the effectiveness of these strategies, it would be necessary to analyze the company's previous performance, customer feedback, and industry benchmarks. Additionally, the required resources and regulations would depend on the specific actions taken by the company, which are not mentioned in the provided context. Similarly, the strategies employed by competing businesses would also vary.\n\nIn summary, without specific information about the company's plans for customer retention or churn reduction, it is not possible to provide detailed answers to the questions regarding the impact, resources, regulations, and similar actions taken by competitors."}"
2023-08-03 01:18:47.814390,"{'type': 'message', 'body': 'Finished task t2_assessment, uuid: 8f51754b-ee70-4cc3-ba36-b3364f47c255.'}"
2023-08-03 01:18:47.814390,"{'type': 'message', 'body': 'Task t2_assessment, uuid: 8f51754b-ee70-4cc3-ba36-b3364f47c255 took 0:00:25.629867.'}"
