2023-08-07 12:29:26.704390,"{'type': 'message', 'body': 'Starting task t1_surfacing, uuid: f156b6f0-42eb-40a9-a181-aee80d897b9b.'}"
2023-08-07 12:29:26.705543,"{'type': 'message', 'body': 'Running task SURFACING, uuid: f156b6f0-42eb-40a9-a181-aee80d897b9b.'}"
2023-08-07 12:29:26.705543,"{'type': 'results_text', 'body': '## Company Objectives'}"
2023-08-07 12:29:26.707008,"{'type': 'progress_info', 'body': 'Financial objectives complete:'}"
2023-08-07 12:29:26.707008,"{'type': 'results_text', 'body': '### Category: Financial'}"
2023-08-07 12:29:26.707008,"{'type': 'results_text', 'body': '#### topic: Increasing Revenue'}"
2023-08-07 12:29:26.707008,"{'type': 'results_text', 'body': '##### Text Response'}"
2023-08-07 12:29:38.051245,"{'type': 'results_text', 'body': '```text\nBased on the provided context, here are two objectives related to increasing revenue for the company:\n\n1. Market Expansion and Penetration: The company aims to expand its market presence in the US by establishing distribution centers strategically located in key regions across the country. By forging partnerships with major retailers and carriers, the company intends to ensure its smartphones are easily accessible to consumers nationwide. Aggressive marketing campaigns and promotional activities will help raise brand awareness and drive demand for their products.\n\n2. Product Diversification: The company plans to continue innovating and introducing a diverse range of smartphones and smart devices to cater to different customer segments. This includes flagship smartphones with cutting-edge features to attract tech enthusiasts, as well as mid-range devices to target a broader customer base.\n\nSUGGESTIONS:\n- Enhancing customer support and after-sales services to build long-term customer loyalty and satisfaction.\n- Leveraging strong brand reputation to gain market share.\n- Introducing innovative products with cutting-edge technology.\n- Offering a wider range of devices to cater to different customer segments.\n- Strategic marketing and partnerships to drive sales and achieve revenue milestones.\n\nSOURCES: C:\\Users\\Hendrix\\Documents\\GitHub\\strategy-ai\\backend\\strategy_ai\\available_data\\visible_files\\client_files\\goals-for-new-revenue.txt, C:\\Users\\Hendrix\\Documents\\GitHub\\strategy-ai\\backend\\strategy_ai\\available_data\\visible_files\\client_files\\revenue-info.txt\n```'}"
2023-08-07 12:29:38.051245,"{'type': 'results_text', 'body': '##### Formatted Response'}"
2023-08-07 12:29:38.051245,"{'type': 'results_text', 'body': '```json\n[\n    {\n        "Verb": "Market Expansion and Penetration",\n        "Outcome": "Expand market presence in the US",\n        "Definition": "Establish distribution centers strategically located in key regions across the country. Forge partnerships with major retailers and carriers. Conduct aggressive marketing campaigns and promotional activities to raise brand awareness and drive demand for products.",\n        "Source": "goals-for-new-revenue.txt"\n    },\n    {\n        "Verb": "Product Diversification",\n        "Outcome": "Introduce a diverse range of smartphones and smart devices",\n        "Definition": "Innovate and introduce flagship smartphones with cutting-edge features to attract tech enthusiasts. Develop mid-range devices to cater to different customer segments.",\n        "Source": "goals-for-new-revenue.txt"\n    },\n    {\n        "Verb": "Strategic Marketing and Partnerships",\n        "Outcome": "Drive sales and achieve revenue milestones",\n        "Definition": "Utilize strategic marketing initiatives and form partnerships to increase sales and achieve revenue goals.",\n        "Source": "revenue-info.txt"\n    }\n]\n```'}"
2023-08-07 12:29:38.051245,"{'type': 'progress_info', 'body': '- Increasing Revenue'}"
2023-08-07 12:29:38.051245,"{'type': 'results_text', 'body': '#### topic: Cost Reduction'}"
2023-08-07 12:29:38.051245,"{'type': 'results_text', 'body': '##### Text Response'}"
2023-08-07 12:29:38.051245,"{'type': 'results_text', 'body': "```text\nBased on the provided context, I couldn't find any specific objectives addressing cost reduction. However, based on the information provided, here are some relevant suggestions for objectives related to cost reduction:\n\n1. Streamline Supply Chain: Implementing measures to optimize the supply chain process, such as reducing lead times, improving inventory management, and negotiating better terms with suppliers, can help reduce costs.\n\n2. Operational Efficiency: Focus on improving operational efficiency by identifying and eliminating any inefficiencies or bottlenecks in the production process. This can include implementing lean manufacturing principles, automating certain tasks, and optimizing resource allocation.\n\n3. Cost Control Measures: Implement cost control measures across the organization, such as monitoring and analyzing expenses, identifying areas of unnecessary spending, and implementing cost-saving initiatives.\n\nPlease note that these suggestions are based on the context provided and may not directly reflect the company's specific objectives.\n```"}"
2023-08-07 12:29:38.051245,"{'type': 'results_text', 'body': '##### Formatted Response'}"
2023-08-07 12:29:38.051245,"{'type': 'results_text', 'body': '```json\n[\n    {\n        "Verb": "Reduce",\n        "Outcome": "operating costs",\n        "Definition": "Decrease the expenses associated with running the business",\n        "Source": "C:\\\\Users\\\\Hendrix\\\\Documents\\\\GitHub\\\\strategy-ai\\\\backend\\\\strategy_ai\\\\available_data\\\\visible_files\\\\client_files\\\\cost-reduction.txt"\n    },\n    {\n        "Verb": "Optimize",\n        "Outcome": "supply chain",\n        "Definition": "Improve the efficiency and effectiveness of the processes involved in the procurement, production, and distribution of goods",\n        "Source": "C:\\\\Users\\\\Hendrix\\\\Documents\\\\GitHub\\\\strategy-ai\\\\backend\\\\strategy_ai\\\\available_data\\\\visible_files\\\\client_files\\\\cost-reduction.txt"\n    },\n    {\n        "Verb": "Streamline",\n        "Outcome": "business operations",\n        "Definition": "Simplify and improve the efficiency of the various processes and workflows within the organization",\n        "Source": "C:\\\\Users\\\\Hendrix\\\\Documents\\\\GitHub\\\\strategy-ai\\\\backend\\\\strategy_ai\\\\available_data\\\\visible_files\\\\client_files\\\\cost-reduction.txt"\n    }\n]\n```'}"
2023-08-07 12:29:38.051245,"{'type': 'progress_info', 'body': '- Cost Reduction'}"
2023-08-07 12:29:38.052437,"{'type': 'results_text', 'body': '#### topic: Asset Optimization'}"
2023-08-07 12:29:38.052437,"{'type': 'results_text', 'body': '##### Text Response'}"
2023-08-07 12:29:38.052437,"{'type': 'results_text', 'body': "```text\nI'm sorry, but I couldn't find any specific objectives addressing Asset Optimization in the provided context. However, based on the context, here are some relevant suggestions for objectives related to Asset Optimization for the company:\n\n1. Improve Supply Chain Efficiency: Optimize the company's supply chain processes to reduce costs, minimize inventory levels, and improve overall operational efficiency.\n\n2. Enhance Production Capacity Utilization: Implement strategies to maximize the utilization of production facilities and equipment, ensuring optimal use of resources and minimizing downtime.\n\n3. Streamline Inventory Management: Implement effective inventory management practices to minimize excess inventory, reduce carrying costs, and improve cash flow.\n\nPlease note that these suggestions are based on the context provided and may not directly reflect the company's specific objectives.\n```"}"
2023-08-07 12:29:38.052437,"{'type': 'results_text', 'body': '##### Formatted Response'}"
2023-08-07 12:29:38.052437,"{'type': 'results_text', 'body': '```json\n[\n    {\n        "Verb": "Optimize",\n        "Outcome": "asset utilization",\n        "Definition": "Maximize the efficiency and productivity of company assets",\n        "Source": "N/A"\n    },\n    {\n        "Verb": "Reduce",\n        "Outcome": "asset downtime",\n        "Definition": "Minimize the amount of time that company assets are not in operation",\n        "Source": "N/A"\n    },\n    {\n        "Verb": "Improve",\n        "Outcome": "asset maintenance",\n        "Definition": "Enhance the maintenance processes and practices for company assets",\n        "Source": "N/A"\n    }\n]\n```'}"
2023-08-07 12:29:38.052437,"{'type': 'progress_info', 'body': '- Asset Optimization'}"
2023-08-07 12:29:38.052437,"{'type': 'progress_info', 'body': 'Customer objectives complete:'}"
2023-08-07 12:29:38.052437,"{'type': 'results_text', 'body': '### Category: Customer'}"
2023-08-07 12:29:38.052437,"{'type': 'results_text', 'body': '#### topic: Improving the Brand'}"
2023-08-07 12:29:38.052437,"{'type': 'results_text', 'body': '##### Text Response'}"
2023-08-07 12:29:38.052437,"{'type': 'results_text', 'body': "```text\nBased on the provided context, here are 2-3 objectives related to improving the brand for the company:\n\n1. Enhance Brand Reputation: TechConnect aims to leverage its strong brand reputation and track record of innovative products to establish itself as a credible and desirable brand in the competitive US smartphone market. This objective involves showcasing the company's reliability and innovation to build trust among US consumers.\n\n2. Increase Brand Presence: To improve the brand, TechConnect plans to focus on marketing and partnerships to increase its brand presence in the US market. This objective involves utilizing influencer marketing, endorsements, and partnerships with popular figures or organizations to strengthen the brand's visibility and reach.\n\n3. Incorporate Emerging Technologies: TechConnect aims to explore emerging technologies such as augmented reality (AR), virtual reality (VR), and artificial intelligence (AI) to provide innovative and futuristic features to their devices. By incorporating these technologies, the company can enhance its brand image as a tech-savvy and forward-thinking smartphone brand.\n\nSOURCES: C:\\Users\\Hendrix\\Documents\\GitHub\\strategy-ai\\backend\\strategy_ai\\available_data\\visible_files\\client_files\\basic-info.txt, C:\\Users\\Hendrix\\Documents\\GitHub\\strategy-ai\\backend\\strategy_ai\\available_data\\visible_files\\client_files\\goals-for-new-revenue.txt\n```"}"
2023-08-07 12:29:38.052437,"{'type': 'results_text', 'body': '##### Formatted Response'}"
2023-08-07 12:29:38.052437,"{'type': 'results_text', 'body': '```json\n[\n    {\n        "Verb": "Replicate",\n        "Outcome": "success in the US",\n        "Definition": "TechConnect aims to replicate its success in the US and compete with other established smartphone brands in the region.",\n        "Source": "basic-info.txt"\n    },\n    {\n        "Verb": "Build",\n        "Outcome": "trust among US consumers",\n        "Definition": "TechConnect aims to build trust among US consumers by showcasing its established brand reputation in Canada and its track record of delivering reliable and innovative smartphones.",\n        "Source": "goals-for-new-revenue.txt"\n    },\n    {\n        "Verb": "Strengthen",\n        "Outcome": "brand\'s presence in the US market",\n        "Definition": "TechConnect aims to strengthen its brand\'s presence in the US market through influencer marketing, endorsements, and partnerships with popular figures or organizations.",\n        "Source": "goals-for-new-revenue.txt"\n    }\n]\n```'}"
2023-08-07 12:29:38.052437,"{'type': 'progress_info', 'body': '- Improving the Brand'}"
2023-08-07 12:29:38.052437,"{'type': 'results_text', 'body': '#### topic: Customer Service'}"
2023-08-07 12:29:38.052437,"{'type': 'results_text', 'body': '##### Text Response'}"
2023-08-07 12:29:38.053919,"{'type': 'results_text', 'body': "```text\nBased on the available context, I couldn't find specific objectives addressing customer service for this company. However, based on the context, here are some relevant suggestions for objectives related to customer service:\n\n1. Enhance Customer Support Infrastructure: Invest in improving the customer support infrastructure by expanding the support team, implementing chatbots and AI-driven support solutions, and offering personalized assistance. This will help in resolving customer queries and issues promptly, improving customer satisfaction and retention.\n\n2. Foster Positive Word-of-Mouth: Focus on providing exceptional customer service to create positive word-of-mouth. This can be achieved by ensuring timely and effective resolution of customer issues, providing personalized assistance, and going above and beyond to meet customer needs.\n\n3. Increase Customer Satisfaction and Loyalty: Implement strategies to enhance customer satisfaction and loyalty by consistently meeting or exceeding customer expectations. This can include conducting customer satisfaction surveys, analyzing feedback, and implementing improvements based on customer insights.\n\nPlease note that these suggestions are based on the context provided and may not directly reflect the objectives of the company.\n```"}"
2023-08-07 12:29:38.053919,"{'type': 'results_text', 'body': '##### Formatted Response'}"
2023-08-07 12:29:38.053919,"{'type': 'results_text', 'body': '```json\n[\n    {\n        "Verb": "Enhanced",\n        "Outcome": "Customer Support",\n        "Definition": "Investing in improving customer support infrastructure, expanding the support team, implementing chatbots and AI-driven support solutions, and offering personalized assistance.",\n        "Source": "goals-for-new-revenue.txt"\n    }\n]\n```'}"
2023-08-07 12:29:38.053919,"{'type': 'progress_info', 'body': '- Customer Service'}"
2023-08-07 12:29:38.053919,"{'type': 'results_text', 'body': '#### topic: Product Service/Functionality'}"
2023-08-07 12:29:38.053919,"{'type': 'results_text', 'body': '##### Text Response'}"
2023-08-07 12:29:38.053919,"{'type': 'results_text', 'body': "```text\nBased on the provided context, I couldn't find specific objectives addressing Product Service/Functionality. However, based on the information available, here are some relevant suggestions for objectives related to Product Service/Functionality:\n\n1. Enhance product features and functionality: The company can aim to continuously innovate and improve the features and functionality of their smartphones and smart devices to meet the evolving needs and preferences of customers.\n\n2. Expand product portfolio: TechConnect can focus on diversifying their product offerings by introducing a wider range of smartphones and smart devices to cater to different customer segments. This can include flagship smartphones with cutting-edge features as well as mid-range devices to target a broader market.\n\n3. Improve user experience: The company can prioritize enhancing the overall user experience of their products by investing in user-friendly interfaces, intuitive designs, and seamless integration with other devices and services.\n\nPlease note that these suggestions are based on the context provided and may not directly reflect the company's specific objectives.\n```"}"
2023-08-07 12:29:38.053919,"{'type': 'results_text', 'body': '##### Formatted Response'}"
2023-08-07 12:29:38.053919,"{'type': 'results_text', 'body': '```json\n[\n    {\n        "Verb": "Innovate",\n        "Outcome": "introduce a diverse range of smartphones and smart devices",\n        "Definition": "to cater to different customer segments",\n        "Source": "C:\\\\Users\\\\Hendrix\\\\Documents\\\\GitHub\\\\strategy-ai\\\\backend\\\\strategy_ai\\\\available_data\\\\visible_files\\\\client_files\\\\goals-for-new-revenue.txt"\n    }\n]\n```'}"
2023-08-07 12:29:38.053919,"{'type': 'progress_info', 'body': '- Product Service/Functionality'}"
2023-08-07 12:29:38.053919,"{'type': 'progress_info', 'body': 'Internal objectives complete:'}"
2023-08-07 12:29:38.053919,"{'type': 'results_text', 'body': '### Category: Internal'}"
2023-08-07 12:29:38.053919,"{'type': 'results_text', 'body': '#### topic: Operational Excellence'}"
2023-08-07 12:29:38.053919,"{'type': 'results_text', 'body': '##### Text Response'}"
2023-08-07 12:29:38.054941,"{'type': 'results_text', 'body': "```text\nBased on the provided context, I couldn't find specific objectives addressing Operational Excellence. However, I can provide some relevant suggestions based on the context:\n\n1. Continuous Improvement: Implementing a culture of continuous improvement to enhance operational efficiency, reduce waste, and optimize processes.\n\n2. Supply Chain Optimization: Streamlining the supply chain processes to improve inventory management, reduce lead times, and enhance overall operational performance.\n\n3. Quality Management: Implementing robust quality management systems and processes to ensure consistent product quality and customer satisfaction.\n\nPlease note that these suggestions are based on the general concept of Operational Excellence and may not directly reflect the objectives of the company mentioned in the context.\n```"}"
2023-08-07 12:29:38.054941,"{'type': 'results_text', 'body': '##### Formatted Response'}"
2023-08-07 12:29:38.054941,"{'type': 'results_text', 'body': '```json\n[\n    {\n        "Verb": "Continuous innovation",\n        "Outcome": "Achieve revenue goals and establish a strong foothold in the competitive US smartphone market",\n        "Definition": "By executing a multi-faceted approach, TechConnect aims to achieve their revenue goals and establish a strong foothold in the competitive US smartphone market.",\n        "Source": "goals-for-new-revenue.txt"\n    },\n    {\n        "Verb": "Customer-centric practices",\n        "Outcome": "Drive sales and achieve revenue milestones",\n        "Definition": "Marketing and partnerships will play a crucial role in driving sales and achieving these revenue milestones.",\n        "Source": "revenue-info.txt"\n    }\n]\n```'}"
2023-08-07 12:29:38.054941,"{'type': 'progress_info', 'body': '- Operational Excellence'}"
2023-08-07 12:29:38.054941,"{'type': 'results_text', 'body': '#### topic: Product Innovation'}"
2023-08-07 12:29:38.054941,"{'type': 'results_text', 'body': '##### Text Response'}"
2023-08-07 12:29:38.054941,"{'type': 'results_text', 'body': '```text\nBased on the provided context, here are 2-3 objectives addressing Product Innovation for TechConnect:\n\n1. Incorporate 5G capabilities across the product lineup: TechConnect aims to invest in research and development to incorporate 5G technology into their smartphones. This objective focuses on providing enhanced connectivity and faster data speeds to attract tech-savvy consumers.\n\n2. Explore emerging technologies such as augmented reality (AR), virtual reality (VR), and artificial intelligence (AI): TechConnect plans to explore and integrate emerging technologies into their devices. This objective aims to provide innovative and futuristic features to their smartphones, offering unique experiences to their customers.\n\n3. Continuous innovation: Although not explicitly mentioned in the context, continuous innovation can be considered an objective for TechConnect. By emphasizing a culture of innovation, the company can stay ahead of competitors and deliver cutting-edge products to meet evolving customer needs.\n\nSOURCES: basic-info.txt, goals-for-new-revenue.txt\n```'}"
2023-08-07 12:29:38.054941,"{'type': 'results_text', 'body': '##### Formatted Response'}"
2023-08-07 12:29:38.054941,"{'type': 'results_text', 'body': '```json\n[\n    {\n        "Verb": "Replicate",\n        "Outcome": "success in the US",\n        "Definition": "TechConnect aims to replicate its success in the US and compete with other established smartphone brands in the region.",\n        "Source": "basic-info.txt"\n    },\n    {\n        "Verb": "Continuous innovation",\n        "Outcome": "driving force behind success",\n        "Definition": "Continuous innovation will be the driving force behind TechConnect\'s success.",\n        "Source": "goals-for-new-revenue.txt"\n    },\n    {\n        "Verb": "Invest in research and development",\n        "Outcome": "incorporate 5G capabilities",\n        "Definition": "TechConnect will invest in research and development to incorporate 5G capabilities across its product lineup.",\n        "Source": "goals-for-new-revenue.txt"\n    },\n    {\n        "Verb": "Explore emerging technologies",\n        "Outcome": "provide innovative and futuristic features",\n        "Definition": "TechConnect will explore emerging technologies such as augmented reality (AR), virtual reality (VR), and artificial intelligence (AI) to provide innovative and futuristic features to their devices.",\n        "Source": "goals-for-new-revenue.txt"\n    }\n]\n```'}"
2023-08-07 12:29:38.054941,"{'type': 'progress_info', 'body': '- Product Innovation'}"
2023-08-07 12:29:38.054941,"{'type': 'results_text', 'body': '#### topic: Regulatory Compliance'}"
2023-08-07 12:29:38.054941,"{'type': 'results_text', 'body': '##### Text Response'}"
2023-08-07 12:29:38.054941,"{'type': 'results_text', 'body': "```text\nBased on the provided context, I couldn't find specific objectives addressing Regulatory Compliance. However, I can provide some relevant suggestions based on the context:\n\n1. Objective: Ensure Compliance with Data Privacy Laws\n   - Implement measures to comply with data privacy laws, such as PIPEDA (Personal Information Protection and Electronic Documents Act).\n   - Establish data protection policies and procedures to safeguard customer information.\n   - Regularly review and update privacy practices to align with regulatory requirements.\n\n2. Objective: Adhere to Environmental Regulations\n   - Implement eco-friendly manufacturing practices to reduce environmental impact.\n   - Focus on recycling and waste reduction to minimize the company's carbon footprint.\n   - Comply with environmental regulations and obtain necessary certifications, such as ISO 14001 for environmental management.\n\n3. Objective: Follow Consumer Protection Laws\n   - Ensure compliance with consumer protection laws, such as the Consumer Protection Act.\n   - Provide transparent and accurate product information to consumers.\n   - Handle customer complaints and disputes in accordance with regulatory guidelines.\n\nThese objectives are suggestions based on the context provided. It's important to note that the actual objectives of the company may vary and should be obtained from reliable sources.\n```"}"
2023-08-07 12:29:38.054941,"{'type': 'results_text', 'body': '##### Formatted Response'}"
2023-08-07 12:29:38.056335,"{'type': 'results_text', 'body': '```json\n[\n    {\n        "Verb": "Ensure",\n        "Outcome": "strict compliance",\n        "Definition": "adhering to all Canadian regulations, including data privacy laws (PIPEDA), environmental regulations, and consumer protection laws (such as the Consumer Protection Act)",\n        "Source": "C:\\\\Users\\\\Hendrix\\\\Documents\\\\GitHub\\\\strategy-ai\\\\backend\\\\strategy_ai\\\\available_data\\\\visible_files\\\\client_files\\\\basic-info.txt"\n    }\n]\n```'}"
2023-08-07 12:29:38.056335,"{'type': 'progress_info', 'body': '- Regulatory Compliance'}"
2023-08-07 12:29:38.056335,"{'type': 'results_text', 'body': '#### topic: Customer Intimacy'}"
2023-08-07 12:29:38.056335,"{'type': 'results_text', 'body': '##### Text Response'}"
2023-08-07 12:29:38.056335,"{'type': 'results_text', 'body': "```text\nBased on the provided context, I couldn't find specific objectives addressing Customer Intimacy. However, based on the information provided, here are some relevant suggestions for objectives related to Customer Intimacy:\n\n1. Enhance Customer Engagement: Implement strategies to actively engage with customers, such as personalized marketing campaigns, loyalty programs, and customer feedback mechanisms. This will help build stronger relationships with customers and improve their overall experience with the company.\n\n2. Develop Customer-Centric Practices: Focus on understanding customer needs and preferences to tailor products and services accordingly. This can be achieved through market research, customer surveys, and data analysis. By prioritizing customer satisfaction and delivering personalized solutions, the company can foster customer loyalty and increase customer lifetime value.\n\n3. Strengthen Customer Relationships: Establish long-term relationships with customers by providing exceptional customer service and support. This includes timely response to customer inquiries, efficient complaint resolution, and proactive communication. Building trust and rapport with customers will contribute to customer retention and positive word-of-mouth referrals.\n\nPlease note that these suggestions are based on the context provided and may not directly reflect the company's specific objectives.\n```"}"
2023-08-07 12:29:38.056335,"{'type': 'results_text', 'body': '##### Formatted Response'}"
2023-08-07 12:29:38.056335,"{'type': 'results_text', 'body': '```json\n[\n    {\n        "Verb": "Continuous innovation",\n        "Outcome": "establish a strong foothold in the competitive US smartphone market",\n        "Definition": "By continuously innovating their products and services, the company aims to establish a strong presence in the competitive US smartphone market.",\n        "Source": "goals-for-new-revenue.txt"\n    },\n    {\n        "Verb": "Customer-centric practices",\n        "Outcome": "build trust among US consumers",\n        "Definition": "By implementing customer-centric practices, the company aims to build trust among US consumers and position itself as a credible and desirable brand in a competitive market.",\n        "Source": "goals-for-new-revenue.txt"\n    }\n]\n```'}"
2023-08-07 12:29:38.057341,"{'type': 'progress_info', 'body': '- Customer Intimacy'}"
2023-08-07 12:29:38.057341,"{'type': 'progress_info', 'body': 'Enabler objectives complete:'}"
2023-08-07 12:29:38.057341,"{'type': 'results_text', 'body': '### Category: Enabler'}"
2023-08-07 12:29:38.057341,"{'type': 'results_text', 'body': '#### topic: Strategic Assets'}"
2023-08-07 12:29:38.057341,"{'type': 'results_text', 'body': '##### Text Response'}"
2023-08-07 12:29:38.057341,"{'type': 'results_text', 'body': "```text\nBased on the provided context, I couldn't find specific objectives addressing Strategic Assets. However, based on the information provided, here are some relevant suggestions for objectives related to Strategic Assets:\n\n1. Build and maintain a strong brand reputation: The company should focus on establishing a positive brand image and reputation in the market. This can be achieved through consistent delivery of high-quality products, excellent customer service, and effective marketing strategies.\n\n2. Enhance product innovation and differentiation: The company should invest in research and development to continuously innovate and differentiate its products from competitors. This can involve introducing new features, technologies, and designs that provide unique value to customers.\n\n3. Develop strategic partnerships and alliances: The company should seek opportunities to collaborate with other organizations, such as retailers, carriers, or technology providers, to leverage their resources and expand market reach. Strategic partnerships can help in accessing new distribution channels, increasing brand visibility, and driving sales.\n\nPlease note that these suggestions are based on the context provided and may not directly reflect the company's specific objectives.\n```"}"
2023-08-07 12:29:38.057341,"{'type': 'results_text', 'body': '##### Formatted Response'}"
2023-08-07 12:29:38.057341,"{'type': 'results_text', 'body': '```json\n[\n    {\n        "Verb": "Replicate",\n        "Outcome": "success in the US",\n        "Definition": "TechConnect aims to replicate its success in the US and compete with other established smartphone brands in the region.",\n        "Source": "C:\\\\Users\\\\Hendrix\\\\Documents\\\\GitHub\\\\strategy-ai\\\\backend\\\\strategy_ai\\\\available_data\\\\visible_files\\\\client_files\\\\basic-info.txt"\n    },\n    {\n        "Verb": "Establish",\n        "Outcome": "a strong foothold in the competitive US smartphone market",\n        "Definition": "By executing this multi-faceted approach, TechConnect aims to achieve their revenue goals and establish a strong foothold in the competitive US smartphone market. Continuous innovation, customer-centric practices, and a focus on brand value will be the driving forces behind their success.",\n        "Source": "C:\\\\Users\\\\Hendrix\\\\Documents\\\\GitHub\\\\strategy-ai\\\\backend\\\\strategy_ai\\\\available_data\\\\visible_files\\\\client_files\\\\goals-for-new-revenue.txt"\n    }\n]\n```'}"
2023-08-07 12:29:38.057341,"{'type': 'progress_info', 'body': '- Strategic Assets'}"
2023-08-07 12:29:38.057341,"{'type': 'results_text', 'body': '#### topic: Building a Climate for Action'}"
2023-08-07 12:29:38.057341,"{'type': 'results_text', 'body': '##### Text Response'}"
2023-08-07 12:29:38.057341,"{'type': 'results_text', 'body': '```text\nBased on the provided context, I couldn\'t find any specific objectives addressing "Building a Climate for Action." However, I can provide some relevant suggestions based on the context:\n\n1. Implement sustainable practices: The company can focus on implementing eco-friendly manufacturing practices, reducing waste, and promoting recycling to contribute to environmental sustainability.\n\n2. Emphasize social responsibility: The company can prioritize social causes and initiatives, such as supporting local communities, promoting diversity and inclusion, and giving back to society.\n\n3. Collaborate with environmental organizations: The company can form partnerships with environmental organizations to support and promote climate action initiatives, such as tree planting campaigns, renewable energy projects, or carbon offset programs.\n\nPlease note that these suggestions are based on the context provided and may not directly reflect the company\'s objectives.\n```'}"
2023-08-07 12:29:38.057341,"{'type': 'results_text', 'body': '##### Formatted Response'}"
2023-08-07 12:29:38.057341,"{'type': 'results_text', 'body': '```json\n[\n    {\n        "Verb": "Implement",\n        "Outcome": "sustainable practices",\n        "Definition": "TechConnect will implement eco-friendly manufacturing practices and focus on recycling and reducing waste.",\n        "Source": "goals-for-new-revenue.txt"\n    },\n    {\n        "Verb": "Emphasize",\n        "Outcome": "commitment to environmental and social causes",\n        "Definition": "Emphasizing their commitment to environmental and social causes can resonate with conscious consumers and enhance brand loyalty.",\n        "Source": "goals-for-new-revenue.txt"\n    }\n]\n```'}"
2023-08-07 12:29:38.057341,"{'type': 'progress_info', 'body': '- Building a Climate for Action'}"
2023-08-07 12:29:38.057341,"{'type': 'results_text', 'body': '#### topic: Attracting, Retaining, and Developing Talent'}"
2023-08-07 12:29:38.057341,"{'type': 'results_text', 'body': '##### Text Response'}"
2023-08-07 12:29:38.058560,"{'type': 'results_text', 'body': "```text\nBased on the provided context, I couldn't find any specific objectives addressing Attracting, Retaining, and Developing Talent for the company. However, I can provide some relevant suggestions based on the context:\n\n1. Implement a comprehensive talent acquisition strategy: This could involve actively sourcing and recruiting top talent from various channels, such as job boards, social media platforms, and professional networks. The company can also establish partnerships with universities and educational institutions to attract young talent.\n\n2. Create a positive and inclusive work environment: Fostering a culture of diversity and inclusion can help attract and retain talented individuals. The company can implement policies and practices that promote equal opportunities, provide training on unconscious bias, and create employee resource groups to support underrepresented groups.\n\n3. Offer competitive compensation and benefits: Providing competitive salaries, performance-based incentives, and attractive benefits packages can help attract and retain talented individuals. The company can also offer opportunities for professional development, such as training programs, mentorship, and career advancement paths.\n\nSUGGESTIONS:\n- Establish a robust employee onboarding program to ensure new hires feel welcomed and supported from day one.\n- Implement regular performance evaluations and provide constructive feedback to help employees grow and develop their skills.\n- Foster a culture of continuous learning and provide opportunities for employees to attend conferences, workshops, and training sessions to enhance their knowledge and skills.\n\nSOURCES: None\n```"}"
2023-08-07 12:29:38.058560,"{'type': 'results_text', 'body': '##### Formatted Response'}"
2023-08-07 12:29:38.058560,"{'type': 'results_text', 'body': '```json\n[\n    {\n        "Verb": "Attract",\n        "Outcome": "top talent",\n        "Definition": "Implement strategies to attract highly skilled and qualified individuals to join the company.",\n        "Source": "N/A"\n    },\n    {\n        "Verb": "Retain",\n        "Outcome": "key employees",\n        "Definition": "Develop programs and initiatives to ensure the retention of valuable employees within the company.",\n        "Source": "N/A"\n    },\n    {\n        "Verb": "Develop",\n        "Outcome": "employee skills",\n        "Definition": "Invest in training and development programs to enhance the skills and capabilities of employees.",\n        "Source": "N/A"\n    }\n]\n```'}"
2023-08-07 12:29:38.058560,"{'type': 'progress_info', 'body': '- Attracting, Retaining, and Developing Talent'}"
2023-08-07 12:29:38.058560,"{'type': 'message', 'body': 'Finished task t1_surfacing, uuid: f156b6f0-42eb-40a9-a181-aee80d897b9b. It took 0:00:11.354170.'}"
