2023-08-02 23:50:30.821079,"{'type': 'message', 'body': 'Starting task t1_surfacing, uuid: 2cddd632-4cf0-43cb-ad37-06c2aad528ae.'}"
2023-08-02 23:50:30.821079,"{'type': 'message', 'body': 'Running task SURFACING, uuid: 2cddd632-4cf0-43cb-ad37-06c2aad528ae.'}"
2023-08-02 23:50:30.821079,"{'type': 'results_text', 'body': '## Company Objectives'}"
2023-08-02 23:50:30.822086,"{'type': 'progress_info', 'body': 'Financial objectives complete:'}"
2023-08-02 23:50:30.823097,"{'type': 'results_text', 'body': '### Category: Financial'}"
2023-08-02 23:50:30.823097,"{'type': 'results_text', 'body': '#### topic: Increasing Revenue'}"
2023-08-02 23:50:30.823097,"{'type': 'results_text', 'body': '##### Text Response'}"
2023-08-02 23:50:35.305947,"{'type': 'results_text', 'body': '##### Formatted Response'}"
2023-08-02 23:50:38.211548,"{'type': 'progress_info', 'body': '- Increasing Revenue'}"
2023-08-02 23:50:38.211548,"{'type': 'results_text', 'body': '#### topic: Cost Reduction'}"
2023-08-02 23:50:38.211548,"{'type': 'results_text', 'body': '##### Text Response'}"
2023-08-02 23:50:38.211548,"{'type': 'results_text', 'body': '##### Formatted Response'}"
2023-08-02 23:50:39.742978,"{'type': 'progress_info', 'body': '- Cost Reduction'}"
2023-08-02 23:50:39.742978,"{'type': 'results_text', 'body': '#### topic: Asset Optimization'}"
2023-08-02 23:50:39.742978,"{'type': 'results_text', 'body': '##### Text Response'}"
2023-08-02 23:50:39.742978,"{'type': 'results_text', 'body': '##### Formatted Response'}"
2023-08-02 23:50:39.744353,"{'type': 'progress_info', 'body': '- Asset Optimization'}"
2023-08-02 23:50:39.744353,"{'type': 'progress_info', 'body': 'Customer objectives complete:'}"
2023-08-02 23:50:39.744353,"{'type': 'results_text', 'body': '### Category: Customer'}"
2023-08-02 23:50:39.744353,"{'type': 'results_text', 'body': '#### topic: Improving the Brand'}"
2023-08-02 23:50:39.744353,"{'type': 'results_text', 'body': '##### Text Response'}"
2023-08-02 23:50:39.744353,"{'type': 'results_text', 'body': '##### Formatted Response'}"
2023-08-02 23:50:39.745473,"{'type': 'progress_info', 'body': '- Improving the Brand'}"
2023-08-02 23:50:39.745473,"{'type': 'results_text', 'body': '#### topic: Customer Service'}"
2023-08-02 23:50:39.745473,"{'type': 'results_text', 'body': '##### Text Response'}"
2023-08-02 23:50:39.745473,"{'type': 'results_text', 'body': '##### Formatted Response'}"
2023-08-02 23:50:39.745473,"{'type': 'progress_info', 'body': '- Customer Service'}"
2023-08-02 23:50:39.745473,"{'type': 'results_text', 'body': '#### topic: Product Service/Functionality'}"
2023-08-02 23:50:39.745473,"{'type': 'results_text', 'body': '##### Text Response'}"
2023-08-02 23:50:39.745473,"{'type': 'results_text', 'body': '##### Formatted Response'}"
2023-08-02 23:50:39.746598,"{'type': 'progress_info', 'body': '- Product Service/Functionality'}"
2023-08-02 23:50:39.746598,"{'type': 'progress_info', 'body': 'Internal objectives complete:'}"
2023-08-02 23:50:39.746598,"{'type': 'results_text', 'body': '### Category: Internal'}"
2023-08-02 23:50:39.746598,"{'type': 'results_text', 'body': '#### topic: Operational Excellence'}"
2023-08-02 23:50:39.746598,"{'type': 'results_text', 'body': '##### Text Response'}"
2023-08-02 23:50:39.746598,"{'type': 'results_text', 'body': '##### Formatted Response'}"
2023-08-02 23:50:39.747608,"{'type': 'progress_info', 'body': '- Operational Excellence'}"
2023-08-02 23:50:39.747608,"{'type': 'results_text', 'body': '#### topic: Product Innovation'}"
2023-08-02 23:50:39.747608,"{'type': 'results_text', 'body': '##### Text Response'}"
2023-08-02 23:50:39.747608,"{'type': 'results_text', 'body': '##### Formatted Response'}"
2023-08-02 23:50:39.815702,"{'type': 'progress_info', 'body': '- Product Innovation'}"
2023-08-02 23:50:39.816818,"{'type': 'results_text', 'body': '#### topic: Regulatory Compliance'}"
2023-08-02 23:50:39.816818,"{'type': 'results_text', 'body': '##### Text Response'}"
2023-08-02 23:50:39.816818,"{'type': 'results_text', 'body': '##### Formatted Response'}"
2023-08-02 23:50:39.816818,"{'type': 'progress_info', 'body': '- Regulatory Compliance'}"
2023-08-02 23:50:39.817828,"{'type': 'results_text', 'body': '#### topic: Customer Intimacy'}"
2023-08-02 23:50:39.817828,"{'type': 'results_text', 'body': '##### Text Response'}"
2023-08-02 23:50:39.817828,"{'type': 'results_text', 'body': '##### Formatted Response'}"
2023-08-02 23:50:39.817828,"{'type': 'progress_info', 'body': '- Customer Intimacy'}"
2023-08-02 23:50:39.817828,"{'type': 'progress_info', 'body': 'Enabler objectives complete:'}"
2023-08-02 23:50:39.817828,"{'type': 'results_text', 'body': '### Category: Enabler'}"
2023-08-02 23:50:39.817828,"{'type': 'results_text', 'body': '#### topic: Strategic Assets'}"
2023-08-02 23:50:39.818944,"{'type': 'results_text', 'body': '##### Text Response'}"
2023-08-02 23:50:39.818944,"{'type': 'results_text', 'body': '##### Formatted Response'}"
2023-08-02 23:50:39.818944,"{'type': 'progress_info', 'body': '- Strategic Assets'}"
2023-08-02 23:50:39.819452,"{'type': 'results_text', 'body': '#### topic: Building a Climate for Action'}"
2023-08-02 23:50:39.819452,"{'type': 'results_text', 'body': '##### Text Response'}"
2023-08-02 23:50:39.819452,"{'type': 'results_text', 'body': '##### Formatted Response'}"
2023-08-02 23:50:39.819452,"{'type': 'progress_info', 'body': '- Building a Climate for Action'}"
2023-08-02 23:50:39.819452,"{'type': 'results_text', 'body': '#### topic: Attracting, Retaining, and Developing Talent'}"
2023-08-02 23:50:39.819452,"{'type': 'results_text', 'body': '##### Text Response'}"
2023-08-02 23:50:39.819452,"{'type': 'results_text', 'body': '##### Formatted Response'}"
2023-08-02 23:50:39.820465,"{'type': 'progress_info', 'body': '- Attracting, Retaining, and Developing Talent'}"
2023-08-02 23:50:39.820465,"{'type': 'message', 'body': 'Finished task t1_surfacing, uuid: 2cddd632-4cf0-43cb-ad37-06c2aad528ae.'}"
2023-08-02 23:50:39.820465,"{'type': 'message', 'body': 'Task t1_surfacing, uuid: 2cddd632-4cf0-43cb-ad37-06c2aad528ae took 0:00:08.999386.'}"
