2023-08-03 01:13:52.365525,"{'type': 'message', 'body': 'Starting task t2_assessment, uuid: 9800483c-0000-4e85-99d6-8ef80646725f.'}"
2023-08-03 01:13:52.365525,"{'type': 'message', 'body': 'Running task ASSESSMENT, uuid: 9800483c-0000-4e85-99d6-8ef80646725f.'}"
2023-08-03 01:13:52.366525,"{'type': 'results_text', 'body': "## Feasibility Assessment on the company's goals"}"
2023-08-03 01:13:52.366525,"{'type': 'progress_info', 'body': 'increase sales revenue by 20% compared to last year (from 10M to 12M); actions assessed:'}"
2023-08-03 01:13:52.366525,"{'type': 'results_text', 'body': '### Goal Assessment for: increase sales revenue by 20% compared to last year (from 10M to 12M)'}"
2023-08-03 01:13:53.472648,"{'type': 'results_text', 'body': '#### Action: increase headcount'}"
2023-08-03 01:14:01.537990,"{'type': 'results_text', 'body': "Based on the available information, the company's plans or actions to increase headcount are not explicitly mentioned. Therefore, it is not possible to provide specific points regarding what the company is doing or planning to do to increase headcount.\n\nHowever, based on the information provided, we can make some general observations:\n\n- To increase headcount, the company may need to focus on expanding its operations, such as market expansion and penetration (mentioned in the first context result). This could involve establishing distribution centers, forging partnerships with retailers and carriers, and implementing aggressive marketing campaigns. These actions may require additional resources such as hiring more employees in sales, marketing, and logistics departments.\n\n- The company may also need to invest in research and development (R&D) to introduce new products and innovations, which could potentially lead to increased headcount in the R&D department.\n\n- In terms of regulations, the company needs to ensure compliance with Canadian regulations, as mentioned in the context result related to regulations followed.\n\n- It is not specified what similar things competing businesses have done to increase headcount, as the information provided does not mention the actions of competitors.\n\nOverall, without specific information about the company's plans or actions related to increasing headcount, it is difficult to provide a comprehensive answer to the questions regarding the impact, additional resources required, regulations, and actions of competing businesses."}"
2023-08-03 01:14:01.539000,"{'type': 'results_text', 'body': '#### Action: increase price'}"
2023-08-03 01:14:01.539000,"{'type': 'results_text', 'body': "Based on the provided context, there is no specific information about the company's plans to increase prices. The context mainly focuses on TechConnect's strategies for achieving revenue goals, market expansion, product diversification, marketing campaigns, partnerships, innovation, and brand value. Therefore, it is not possible to provide a list of actions related to increasing prices or answer the additional questions."}"
2023-08-03 01:14:01.539995,"{'type': 'results_text', 'body': '#### Action: enter new markets'}"
2023-08-03 01:14:03.066302,"{'type': 'results_text', 'body': "Based on the available context, here are the things that the company, TechConnect, is doing or has planned to do to enter new markets:\n\n1. Market Expansion and Penetration: TechConnect plans to establish distribution centers strategically located in key regions across the US. They will forge partnerships with major retailers and carriers to ensure their smartphones are easily accessible to consumers nationwide. This will be supported by aggressive marketing campaigns and promotional activities to raise brand awareness and drive demand for their products.\n\n- Will this make a difference? Expanding market presence and establishing partnerships can help TechConnect increase its market share and reach a wider customer base. However, the effectiveness of these strategies will depend on the competition and the company's ability to differentiate itself in the market.\n\n- Additional resources required: TechConnect may require additional resources for setting up distribution centers, managing partnerships, and executing marketing campaigns. This could include investments in infrastructure, logistics, marketing teams, and advertising budgets.\n\n- Regulations to follow: TechConnect will need to comply with relevant regulations related to distribution, retail partnerships, and marketing practices in the target markets. These may include licensing requirements, compliance with advertising standards, and adherence to consumer protection laws.\n\n- Similar actions by competitors: Competing businesses in the smartphone industry have also focused on market expansion and penetration strategies. They establish distribution networks, form partnerships with retailers and carriers, and invest in marketing campaigns to gain market share and increase their customer reach.\n\nIt's important to note that the specific details of TechConnect's plans and the actions taken by competitors may not be fully described in the available context. Further information would be needed to provide a more comprehensive analysis."}"
2023-08-03 01:14:03.067336,"{'type': 'results_text', 'body': '#### Action: introduce new products'}"
2023-08-03 01:14:03.087412,"{'type': 'results_text', 'body': "Based on the available context, here are the things that the company, TechConnect, is doing or has planned to do to introduce new products:\n\n1. Product Diversification: TechConnect plans to introduce a diverse range of smartphones and smart devices to cater to different customer segments. This includes flagship smartphones with cutting-edge features to attract tech enthusiasts and mid-range devices. (No information is provided about the impact on previous years or competitors, additional resources required, regulations, or similar actions by competitors.)\n\nTo answer the additional questions for this point:\n- Will this make a difference? It is likely that product diversification can make a difference by attracting different customer segments and expanding the company's market reach.\n- What additional resources does the company require? The company may require resources for research and development, manufacturing, marketing, and distribution to carry out product diversification effectively.\n- What regulations need to be followed? The specific regulations that need to be followed for introducing new products may vary depending on factors such as product safety, labeling, and intellectual property rights. TechConnect would need to comply with relevant regulations in the markets they operate in.\n- What similar things have competing businesses done? Competing businesses in the smartphone industry have also focused on product diversification to cater to different customer segments and stay competitive in the market.\n\nPlease note that the available context does not provide information about other specific actions or plans related to introducing new products."}"
2023-08-03 01:14:03.087412,"{'type': 'results_text', 'body': '#### Action: combination'}"
2023-08-03 01:14:18.587120,"{'type': 'results_text', 'body': 'Based on the available context, here are the things that the company, TechConnect, is doing or has planned to do to carry out the action of combination:\n\n1. Market Expansion and Penetration: TechConnect plans to expand its market presence in the US by establishing distribution centers strategically located in key regions across the country. They will forge partnerships with major retailers and carriers to ensure their smartphones are easily accessible to consumers nationwide. This will be supported by aggressive marketing campaigns and promotional activities to raise brand awareness and drive demand for their products.\n\n- Will this make a difference? Expanding market presence and forging partnerships can help TechConnect increase its market share and reach a wider customer base. This can potentially lead to increased sales and revenue.\n\n- Additional resources required: TechConnect may require additional resources such as investment for establishing distribution centers, marketing budgets for campaigns, and resources for managing partnerships.\n\n- Regulations to follow: TechConnect will need to comply with regulations related to distribution, partnerships, and marketing activities in the US market.\n\n- Similar things done by competing businesses: Competing businesses in the smartphone industry have also focused on market expansion, partnerships with retailers and carriers, and aggressive marketing campaigns to increase their market share and reach.\n\n2. Product Diversification: TechConnect plans to introduce a diverse range of smartphones and smart devices to cater to different customer segments. This includes flagship smartphones with cutting-edge features to attract tech enthusiasts and mid-range devices.\n\n- Will this make a difference? Introducing a diverse range of products can help TechConnect attract a wider customer base and cater to different customer preferences. This can potentially lead to increased sales and revenue.\n\n- Additional resources required: TechConnect may require resources for research and development to innovate and introduce new products, as well as resources for manufacturing and marketing these products.\n\n- Regulations to follow: TechConnect will need to comply with regulations related to product safety, quality, and certifications in the smartphone industry.\n\n- Similar things done by competing businesses: Competing businesses in the smartphone industry have also focused on product diversification to cater to different customer segments and preferences.\n\n3. Sustainable Practices and Social Responsibility: TechConnect recognizes the importance of sustainability and social responsibility. They plan to implement eco-friendly manufacturing practices, focus on recycling and reducing waste, and emphasize their commitment to environmental and social causes.\n\n- Will this make a difference? Emphasizing sustainable practices and social responsibility can resonate with conscious consumers and enhance brand loyalty. It can also differentiate TechConnect from competitors who may not prioritize these aspects.\n\n- Additional resources required: TechConnect may require resources for implementing eco-friendly manufacturing practices, waste management systems, and initiatives related to environmental and social causes.\n\n- Regulations to follow: TechConnect will need to comply with regulations related to environmental sustainability, waste management, and social responsibility.\n\n- Similar things done by competing businesses: Competing businesses in various industries have also focused on sustainable practices and social responsibility to enhance their brand image and attract conscious consumers.\n\n4. Strategic Marketing and Partnerships: TechConnect plans to invest in targeted marketing campaigns to create buzz around their products and promotions. They will collaborate with influencers, tech reviewers, media outlets, content creators, app developers, and other technology companies to generate positive reviews, coverage, and cross-promotional opportunities.\n\n- Will this make a difference? Strategic marketing campaigns and partnerships can help TechConnect increase brand visibility, generate positive reviews, and reach a wider audience. This can potentially lead to increased sales and revenue.\n\n- Additional resources required: TechConnect may require additional marketing budgets for campaigns, resources for managing partnerships, and collaborations with influencers, media outlets, and technology companies.\n\n- Regulations to follow: TechConnect will need to comply with regulations related to advertising, endorsements, and partnerships in the marketing and technology industries.\n\n- Similar things done by competing businesses: Competing businesses in various industries have also invested in strategic marketing campaigns and partnerships to create buzz, generate positive reviews, and expand their customer reach.\n\nSOURCES: C:\\Users\\Hendrix\\Documents\\GitHub\\strategy-ai\\backend\\strategy_ai\\available_data\\visible_files\\client_files\\goals-for-new-revenue.txt'}"
2023-08-03 01:14:18.589181,"{'type': 'results_text', 'body': '#### Action: increase customer retention / decrease churn'}"
2023-08-03 01:14:18.590188,"{'type': 'results_text', 'body': "Based on the available information, the company's strategy to increase customer retention or decrease churn is not explicitly mentioned. The provided context focuses on the company's revenue goals and their plans for market expansion, product diversification, innovation, sustainable practices, and strategic marketing partnerships. There is no specific mention of customer retention or churn reduction.\n\nTherefore, I cannot provide a list of actions the company is taking or planning to take for increasing customer retention or decreasing churn."}"
2023-08-03 01:14:18.590188,"{'type': 'message', 'body': 'Finished task t2_assessment, uuid: 9800483c-0000-4e85-99d6-8ef80646725f.'}"
2023-08-03 01:14:18.590188,"{'type': 'message', 'body': 'Task t2_assessment, uuid: 9800483c-0000-4e85-99d6-8ef80646725f took 0:00:26.224663.'}"
