2023-07-25 00:11:52.157803,{'type': 'message', 'body': 'Starting task t1_surfacing, uuid: 1873a2d8-376f-4125-bfa1-5d125cad73e4.'}
2023-07-25 00:11:52.157803,{'type': 'message', 'body': 'Running task t1_surfacing, uuid: 1873a2d8-376f-4125-bfa1-5d125cad73e4.'}
2023-07-25 00:11:52.157803,{'type': 'results_text', 'body': '## Company Objectives'}
2023-07-25 00:11:52.157803,{'type': 'progress_info', 'body': 'financial objectives complete:\n'}
2023-07-25 00:11:52.157803,{'type': 'results_text', 'body': '### Category: financial'}
2023-07-25 00:11:52.354100,{'type': 'results_text', 'body': '#### topic: increasing revenue\n'}
2023-07-25 00:11:58.586094,{'type': 'results_text', 'body': '##### Text Response'}
2023-07-25 00:11:58.586094,{'type': 'results_text', 'body': '```text\nBased on the provided context, here is a list of objectives addressing increasing revenue for the company:\n\n1. Increase production:\n   - AIS: 2,000 units per week\n   - Air Filters: 4,000 units per week\n   - Exhaust C/B: 500 units per week\n\n2. Expand to other adjacent markets:\n   - Off-road\n   - Exterior products\n   - Powersport\n   - Industrial filtration\n\n3. Be the leader and top 3 in all categories:\n   - Be the most desired and have the highest rate reviews\n   - Become the gold standard in the aftermarket business\n\nThese objectives aim to increase revenue by increasing production capacity, expanding into new markets, and establishing the company as a leader in its industry.\n\nSOURCES: C:\\Users\\Hendrix\\Documents\\GitHub\\strategy-ai\\backend\\strategy_ai\\available_data\\visible_files\\client_files\\2022 Business Planning + Goals.xlsx (Mater Plan 2021)\n```'}
2023-07-25 00:12:04.062128,{'type': 'results_text', 'body': '##### Function Response\n```text\n{\n  "objectives_list": [\n    {\n      "Verb": "Increase",\n      "Outcome": "production",\n      "Definition": "AIS-2K/Week, A/F 4K/Week, Exh C/B 500/wk",\n      "Source": "2022 Business Planning + Goals.xlsx"\n    },\n    {\n      "Verb": "Increase",\n      "Outcome": "revenue",\n      "Definition": "20% increase to $40M",\n      "Source": "2022 Business Planning + Goals.xlsx"\n    },\n    {\n      "Verb": "Replace",\n      "Outcome": "$5M lost Amazon business",\n      "Definition": "Replacing $5M in lost Amazon business",\n      "Source": "2022 Business Planning + Goals.xlsx"\n    }\n  ]\n}\n```'}
2023-07-25 00:12:04.063156,{'type': 'progress_info', 'body': '- increasing revenue\n'}
2023-07-25 00:12:04.199431,{'type': 'results_text', 'body': '#### topic: cost reduction\n'}
2023-07-25 00:12:18.360674,{'type': 'results_text', 'body': '##### Text Response'}
2023-07-25 00:12:18.360674,{'type': 'results_text', 'body': '```text\nBased on the available context, here is a list of objectives addressing cost reduction for the company:\n\n1. Reduce Inventory: Lower inventory by $1.0 million per year or $20,000 per week. (Source: 2H-2023 Business planning- OKR SN2 6th _June_23.xlsx)\n2. Reduce Payroll: Reduce payroll by 15% or $15,000 per week. (Source: 2H-2023 Business planning- OKR SN2 6th _June_23.xlsx)\n3. Reduce Fixed Expenses: Reduce fixed expenses by $250,000 or $5,000 per week. (Source: 2H-2023 Business planning- OKR SN2 6th _June_23.xlsx)\n4. Reduce Receiving: Reduce receiving by 20% or $125,000 over a 7-week moving average. (Source: 2H-2023 Business planning- OKR SN2 6th _June_23.xlsx)\n\nThese objectives focus on reducing costs in various areas such as inventory, payroll, fixed expenses, and receiving. They provide specific targets and metrics to track progress.\n\nIf we cannot find objectives specifically addressing cost reduction, here are some relevant suggestions based on the context:\n\n1. Automate Processes: Automate basic and repetitive processes to reduce labor costs and improve efficiency.\n2. Improve Supply Chain Efficiency: Streamline information flow and collaboration among departments to minimize disruptions and optimize production, quoting, and outbound shipments.\n3. Optimize Production Capacity: Increase production capacity to match demand through automation and efficient resource allocation.\n4. Improve Customer Experience: Reduce waiting time, eliminate hassles, and improve order status communication to enhance customer satisfaction and reduce customer service costs.\n5. Explore New Markets: Expand into other adjacent markets using core competencies to diversify revenue streams and increase profitability.\n\nPlease note that these suggestions are based on the context provided and may not reflect the actual objectives of the company.\n```'}
2023-07-25 00:12:28.602782,{'type': 'results_text', 'body': '##### Function Response\n```text\n{\n  "objectives_list": [\n    {\n      "Verb": "Reduce",\n      "Outcome": "Inventory by $1.0M/Year",\n      "Definition": "Lower Inventory by $1.0M/Year; $20K/Wk.",\n      "Source": "2H-2023 Business planning- OKR SN2 6th _June_23.xlsx"\n    },\n    {\n      "Verb": "Reduce",\n      "Outcome": "Payroll by 15%",\n      "Definition": "Reduce Payroll by 15%,$15K/Wk.",\n      "Source": "2H-2023 Business planning- OKR SN2 6th _June_23.xlsx"\n    },\n    {\n      "Verb": "Reduce",\n      "Outcome": "Fixed expense- $250K",\n      "Definition": "Reduce Fixed expense- $250K,$5K/Wk.",\n      "Source": "2H-2023 Business planning- OKR SN2 6th _June_23.xlsx"\n    },\n    {\n      "Verb": "Reduce",\n      "Outcome": "Receiving by 20%",\n      "Definition": "Reduce Receiving by 20%;,$125K- 7WMA",\n      "Source": "2H-2023 Business planning- OKR SN2 6th _June_23.xlsx"\n    }\n  ]\n}\n```'}
2023-07-25 00:12:28.602782,{'type': 'progress_info', 'body': '- cost reduction\n'}
2023-07-25 00:12:28.695472,{'type': 'results_text', 'body': '#### topic: asset optimization\n'}
2023-07-25 00:12:34.915724,{'type': 'results_text', 'body': '##### Text Response'}
2023-07-25 00:12:34.916791,{'type': 'results_text', 'body': "```text\nBased on the provided context, I couldn't find specific objectives addressing asset optimization. However, I can provide some relevant suggestions based on the context:\n\n1. Increase Production Efficiency: Implement automation and streamline processes to optimize asset utilization and maximize production output.\n2. Improve Inventory Management: Implement inventory control measures to ensure optimal levels of inventory, reducing excess stock and minimizing holding costs.\n3. Enhance Supply Chain Visibility: Implement systems and processes to improve visibility and coordination across the supply chain, reducing lead times and optimizing asset utilization.\n\nThese suggestions aim to improve operational efficiency, reduce costs, and optimize the utilization of company assets.\n```"}
2023-07-25 00:12:44.187435,{'type': 'results_text', 'body': '##### Function Response\n```text\n{\n  "objectives_list": [\n    {\n      "Verb": "Increase",\n      "Outcome": "Production",\n      "Definition": "A/F 7.5k/Wk.; AiS 3.5K/Wk; C/B 500/wk.",\n      "Source": "2022 Business Planning + Goals.xlsx"\n    },\n    {\n      "Verb": "Increase",\n      "Outcome": "FG% of inventory",\n      "Definition": "to 50%",\n      "Source": "2022 Business Planning + Goals.xlsx"\n    },\n    {\n      "Verb": "Increase",\n      "Outcome": "our ability to produce products to fulfill the backorders and increase our service level",\n      "Definition": "",\n      "Source": "2022 Business Planning + Goals.xlsx"\n    },\n    {\n      "Verb": "Automate",\n      "Outcome": "basic, repetitive processes",\n      "Definition": "use staff for where they\'re most needed",\n      "Source": "2022 Business Planning + Goals.xlsx"\n    },\n    {\n      "Verb": "Build",\n      "Outcome": "FG inventory",\n      "Definition": "",\n      "Source": "2022 Business Planning + Goals.xlsx"\n    }\n  ]\n}\n```'}
2023-07-25 00:12:44.187435,{'type': 'progress_info', 'body': '- asset optimization\n'}
2023-07-25 00:12:44.187889,{'type': 'progress_info', 'body': 'customer objectives complete:\n'}
2023-07-25 00:12:44.187889,{'type': 'results_text', 'body': '### Category: customer'}
2023-07-25 00:12:44.471763,{'type': 'results_text', 'body': '#### topic: improving the brand\n'}
2023-07-25 00:12:50.233509,{'type': 'results_text', 'body': '##### Text Response'}
2023-07-25 00:12:50.233509,{'type': 'results_text', 'body': "```text\nBased on the provided context, I couldn't find specific objectives addressing improving the brand. However, I can provide some relevant suggestions based on the context:\n\n1. Enhance brand visibility and recognition: Implement marketing strategies to increase brand awareness among target customers and improve brand recognition in the market.\n\n2. Improve customer experience and satisfaction: Focus on delivering exceptional customer service, reducing waiting time, and eliminating hassles for customers. This will help improve the brand's reputation and customer loyalty.\n\n3. Expand to new markets and product offerings: Explore opportunities to expand into adjacent markets and introduce new products that align with the brand's core competencies. This can help increase brand reach and attract a wider customer base.\n\nPlease note that these suggestions are based on the context provided and may not directly reflect the company's specific objectives.\n```"}
2023-07-25 00:13:02.593715,{'type': 'results_text', 'body': '##### Function Response\n```text\n{\n  "objectives_list": [\n    {\n      "Verb": "Improve",\n      "Outcome": "Customer experience",\n      "Definition": "Reduce waiting time, reduce calls for order status, eliminate hassle for issuing customer their credit back.",\n      "Source": "2022 Business Planning + Goals (page 1 - Master Plan 2022).pdf"\n    },\n    {\n      "Verb": "Replace",\n      "Outcome": "Amazon $5M lost business",\n      "Definition": "",\n      "Source": "2022 Business Planning + Goals (page 1 - Master Plan 2022).pdf"\n    },\n    {\n      "Verb": "Re-align",\n      "Outcome": "entire company with the end-user + customers",\n      "Definition": "",\n      "Source": "2022 Business Planning + Goals (page 1 - Master Plan 2022).pdf"\n    },\n    {\n      "Verb": "Web migration",\n      "Outcome": "to Magento 2.0",\n      "Definition": "",\n      "Source": "2022 Business Planning + Goals (page 1 - Master Plan 2022).pdf"\n    },\n    {\n      "Verb": "Expand",\n      "Outcome": "to other adjacent markets",\n      "Definition": "Off-road; Paper Air filter, Life style focused, Exterior products; Powersport; Industrial filtration, using our core competencies of Design, Plastics and Steel/AL. tubing fabrication",\n      "Source": "2022 Business Planning + Goals (page 1 - Master Plan 2022).pdf"\n    }\n  ]\n}\n```'}
2023-07-25 00:13:02.594705,{'type': 'progress_info', 'body': '- improving the brand\n'}
2023-07-25 00:13:02.851250,{'type': 'results_text', 'body': '#### topic: Customer Service\n'}
2023-07-25 00:13:13.063936,{'type': 'results_text', 'body': '##### Text Response'}
2023-07-25 00:13:13.063936,{'type': 'results_text', 'body': '```text\nBased on the available context, here are the objectives related to Customer Service for this company:\n\n1. Objective: Improve Consumer Customer Service (Tech and support)\n   - Function: Tech and support\n   - Description: Address the broken consumer customer service and improve its efficiency and effectiveness.\n\n2. Objective: Re-engineer Customer Service from the bottom up\n   - Function: Customer Service\n   - Description: Restructure and optimize the customer service processes and operations to enhance customer satisfaction and experience.\n\n3. Objective: Reduce Tech calls for replacement parts\n   - Function: Customer Service\n   - Description: Implement measures to reduce the number of technical support calls related to replacement parts, aiming to improve efficiency and customer satisfaction.\n\nSUGGESTIONS (if objectives on Customer Service are not explicitly mentioned):\n\n1. Objective: Enhance customer support channels\n   - Function: Customer Service\n   - Description: Improve and expand customer support channels, such as phone, email, and live chat, to provide better assistance and response times to customers.\n\n2. Objective: Implement customer feedback system\n   - Function: Customer Service\n   - Description: Establish a system to collect and analyze customer feedback to identify areas for improvement and enhance the overall customer service experience.\n\n3. Objective: Develop customer service training program\n   - Function: Customer Service\n   - Description: Create a comprehensive training program for customer service representatives to enhance their skills, product knowledge, and customer interaction abilities.\n```'}
2023-07-25 00:13:19.436670,{'type': 'results_text', 'body': '##### Function Response\n```text\n{\n  "objectives_list": [\n    {\n      "Verb": "Customer Service",\n      "Outcome": "Reduce back log and product shortages",\n      "Definition": "Increase product availability",\n      "Source": "2022 Business Planning + Goals.xlsx, Mater Plan 2022"\n    },\n    {\n      "Verb": "Customer Service",\n      "Outcome": "Improve Tech and support",\n      "Definition": "Zero-based approach",\n      "Source": "2022 Business Planning + Goals.xlsx, Mater Plan 2022"\n    },\n    {\n      "Verb": "Customer Service",\n      "Outcome": "Reduce tech calls for replacement parts",\n      "Definition": "Layout improvement for spare parts",\n      "Source": "2022 Business Planning + Goals.xlsx, Goals"\n    }\n  ]\n}\n```'}
2023-07-25 00:13:19.436670,{'type': 'progress_info', 'body': '- Customer Service\n'}
2023-07-25 00:13:20.526406,{'type': 'results_text', 'body': '#### topic: Product Service/Functionality\n'}
2023-07-25 00:13:29.881696,{'type': 'results_text', 'body': '##### Text Response'}
2023-07-25 00:13:29.881696,{'type': 'results_text', 'body': "```text\nBased on the available context, here are the objectives related to Product Service/Functionality for this company:\n\n1. Improve Amazon product descriptions: The company aims to enhance the descriptions of their products on the Amazon platform.\n2. Reduce Amazon cancellations by 50%: The objective is to minimize the number of cancellations for orders placed on Amazon.\n3. Increase air filter production to 5,000 units per week: The company aims to ramp up their production capacity for air filters.\n4. Increase ExH C/B production to 500 CB per week: The objective is to increase the production capacity for ExH C/B (possibly a product or component).\n5. Increase AiS Kitting to 2,500 units per week: The company aims to enhance the production capacity for AiS Kitting (possibly a product or process).\n6. Reduce backorders to less than 60 days: The objective is to minimize the backlog of orders and ensure timely delivery.\n\nThese objectives are based on the provided context. If there are no specific objectives mentioned for Product Service/Functionality, these suggestions can be considered relevant based on the company's goals and operations. \n\nSOURCES: C:\\Users\\Hendrix\\Documents\\GitHub\\strategy-ai\\backend\\strategy_ai\\available_data\\visible_files\\client_files\\2022 Business Planning + Goals.xlsx (Goals page)\n```"}
2023-07-25 00:13:39.516990,{'type': 'results_text', 'body': '##### Function Response\n```text\n{\n  "objectives_list": [\n    {\n      "Verb": "Increase",\n      "Outcome": "Air filter production",\n      "Definition": "Increase Air filter production, to 5K/Week",\n      "Source": "C:\\\\Users\\\\Hendrix\\\\Documents\\\\GitHub\\\\strategy-ai\\\\backend\\\\strategy_ai\\\\available_data\\\\visible_files\\\\client_files\\\\2022 Business Planning + Goals.xlsx, on page: Goals"\n    },\n    {\n      "Verb": "Increase",\n      "Outcome": "ExH C/B production",\n      "Definition": "Increase ExH C/B production to 500 CB/Wk.",\n      "Source": "C:\\\\Users\\\\Hendrix\\\\Documents\\\\GitHub\\\\strategy-ai\\\\backend\\\\strategy_ai\\\\available_data\\\\visible_files\\\\client_files\\\\2022 Business Planning + Goals.xlsx, on page: Goals"\n    },\n    {\n      "Verb": "Increase",\n      "Outcome": "AiS Kitting",\n      "Definition": "Increase AiS Kitting to 2.5K/Wk",\n      "Source": "C:\\\\Users\\\\Hendrix\\\\Documents\\\\GitHub\\\\strategy-ai\\\\backend\\\\strategy_ai\\\\available_data\\\\visible_files\\\\client_files\\\\2022 Business Planning + Goals.xlsx, on page: Goals"\n    }\n  ]\n}\n```'}
2023-07-25 00:13:39.516990,{'type': 'progress_info', 'body': '- Product Service/Functionality\n'}
2023-07-25 00:13:39.516990,{'type': 'progress_info', 'body': 'internal objectives complete:\n'}
2023-07-25 00:13:39.516990,{'type': 'results_text', 'body': '### Category: internal'}
2023-07-25 00:13:39.679185,{'type': 'results_text', 'body': '#### topic: Operational Excellence\n'}
2023-07-25 00:13:44.571248,{'type': 'results_text', 'body': '##### Text Response'}
2023-07-25 00:13:44.571248,{'type': 'results_text', 'body': "```text\nBased on the available context, I couldn't find any specific objectives addressing Operational Excellence for this company. However, I can provide some relevant suggestions based on the context:\n\n1. Improve production efficiency: Implement automation and technology to streamline production processes and increase productivity.\n2. Enhance supply chain management: Optimize inventory management, reduce lead times, and improve coordination with suppliers to ensure timely delivery of products.\n3. Implement quality control measures: Develop and implement quality control processes to ensure consistent product quality and minimize defects.\n\nPlease note that these suggestions are based on general principles of Operational Excellence and may not directly reflect the objectives of the company in question.\n```"}
2023-07-25 00:13:58.600881,{'type': 'results_text', 'body': '##### Function Response\n```text\n{\n  "objectives_list": [\n    {\n      "Verb": "Increase",\n      "Outcome": "Air filter production, to 5K/Week",\n      "Definition": "",\n      "Source": "2022 Business Planning + Goals.xlsx"\n    },\n    {\n      "Verb": "Increase",\n      "Outcome": "ExH C/B production to 500 CB/Wk.",\n      "Definition": "",\n      "Source": "2022 Business Planning + Goals.xlsx"\n    },\n    {\n      "Verb": "Increase",\n      "Outcome": "AiS Kitting to 2.5K/Wk",\n      "Definition": "",\n      "Source": "2022 Business Planning + Goals.xlsx"\n    },\n    {\n      "Verb": "Reduce",\n      "Outcome": "Backorder to less than 60 days",\n      "Definition": "",\n      "Source": "2022 Business Planning + Goals.xlsx"\n    },\n    {\n      "Verb": "Increase",\n      "Outcome": "Production",\n      "Definition": "",\n      "Source": "2022 Business Planning + Goals.xlsx"\n    },\n    {\n      "Verb": "Increase",\n      "Outcome": "our ability to produce products to fulfill the backorders and increase our service level",\n      "Definition": "",\n      "Source": "2022 Business Planning + Goals.xlsx"\n    },\n    {\n      "Verb": "Increase",\n      "Outcome": "Production",\n      "Definition": "",\n      "Source": "2022 Business Planning + Goals.xlsx"\n    },\n    {\n      "Verb": "Increase",\n      "Outcome": "production to 2,000 kits a week",\n      "Definition": "",\n      "Source": "2022 Business Planning + Goals.xlsx"\n    },\n    {\n      "Verb": "Improve",\n      "Outcome": "Robotic Production, get aggressive on high quality exhausts",\n      "Definition": "",\n      "Source": "2022 Business Planning + Goals.xlsx"\n    }\n  ]\n}\n```'}
2023-07-25 00:13:58.600881,{'type': 'progress_info', 'body': '- Operational Excellence\n'}
2023-07-25 00:13:58.925018,{'type': 'results_text', 'body': '#### topic: Product Innovation\n'}
2023-07-25 00:14:04.794832,{'type': 'results_text', 'body': '##### Text Response'}
2023-07-25 00:14:04.794832,{'type': 'results_text', 'body': '```text\nBased on the provided context, here are the objectives addressing Product Innovation for this company:\n\n1. LC300 Platform: The objective is to grow the business by 20% using the LC300 platform.\n2. 50 New CPN Intakes: The objective is to introduce 50 new CPN (Customer Part Number) intakes.\n3. 75 New C/B Exhaust: The objective is to develop and launch 75 new C/B (Customer/Business) exhaust products.\n\nThese objectives are mentioned in the "Goals" section of the "2022 Business Planning + Goals" document.\n\nSOURCES: C:\\Users\\Hendrix\\Documents\\GitHub\\strategy-ai\\backend\\strategy_ai\\available_data\\visible_files\\client_files\\2022 Business Planning + Goals.xlsx (Goals)\n```'}
2023-07-25 00:14:08.541718,{'type': 'results_text', 'body': '##### Function Response\n```text\n{\n  "objectives_list": [\n    {\n      "Verb": "Grow business by 20%",\n      "Outcome": "",\n      "Definition": "",\n      "Source": "2022 Business Planning + Goals.xlsx"\n    },\n    {\n      "Verb": "Improve cashflow",\n      "Outcome": "",\n      "Definition": "",\n      "Source": "2022 Business Planning + Goals.xlsx"\n    }\n  ]\n}\n```'}
2023-07-25 00:14:08.541718,{'type': 'progress_info', 'body': '- Product Innovation\n'}
2023-07-25 00:14:09.157453,{'type': 'results_text', 'body': '#### topic: Regulatory Compliance\n'}
2023-07-25 00:14:15.406935,{'type': 'results_text', 'body': '##### Text Response'}
2023-07-25 00:14:15.407934,{'type': 'results_text', 'body': "```text\nBased on the provided context, I couldn't find any specific objectives addressing Regulatory Compliance. However, based on the context, here are some relevant suggestions for objectives related to Regulatory Compliance:\n\n1. Ensure compliance with all applicable regulations and standards: Develop and implement processes and procedures to ensure that the company complies with all relevant regulations and standards in its operations.\n\n2. Conduct regular audits and assessments: Establish a system for conducting regular audits and assessments to identify any potential compliance issues and take appropriate corrective actions.\n\n3. Stay updated on regulatory changes: Establish a process to monitor and stay updated on any changes in regulations and standards that may impact the company's operations, and ensure timely compliance with these changes.\n\nPlease note that these suggestions are based on the context provided and may not reflect the actual objectives of the company. It is recommended to refer to the company's official documents or consult with relevant stakeholders for accurate information on their objectives related to Regulatory Compliance.\n\n\n```"}
2023-07-25 00:14:18.808155,{'type': 'results_text', 'body': '##### Function Response\n```text\n{\n  "objectives_list": [\n    {\n      "Verb": "Simplify and streamline",\n      "Outcome": "shipping",\n      "Definition": "",\n      "Source": "Week #44"\n    },\n    {\n      "Verb": "Start placing systems in places",\n      "Outcome": "",\n      "Definition": "",\n      "Source": "Week #44"\n    }\n  ]\n}\n```'}
2023-07-25 00:14:18.808155,{'type': 'progress_info', 'body': '- Regulatory Compliance\n'}
2023-07-25 00:14:19.495650,{'type': 'results_text', 'body': '#### topic: Customer Intimacy\n'}
2023-07-25 00:14:24.089246,{'type': 'results_text', 'body': '##### Text Response'}
2023-07-25 00:14:24.089246,{'type': 'results_text', 'body': "```text\nBased on the available context, I couldn't find specific objectives addressing Customer Intimacy for this company. However, I can provide some relevant suggestions based on the context:\n\n1. Improve customer experience: Reduce waiting time, reduce calls for order status, and eliminate hassle for issuing customer credit back.\n2. Increase customer retention: Implement strategies to retain existing customers and build long-term relationships.\n3. Enhance customer communication: Improve communication across the company to ensure that plans are executed as intended and to address any customer concerns or feedback.\n\nThese suggestions aim to improve customer satisfaction, loyalty, and engagement, which are important aspects of customer intimacy.\n```"}
2023-07-25 00:14:33.316733,{'type': 'results_text', 'body': '##### Function Response\n```text\n{\n  "objectives_list": [\n    {\n      "Verb": "1. Amazon description improved",\n      "Outcome": "Amazon cancellation reduced by 50%",\n      "Definition": "",\n      "Source": "2022 Business Planning + Goals.xlsx"\n    },\n    {\n      "Verb": "2. Export Orders shipped quicker",\n      "Outcome": "99% Orders shipped 13 Wks",\n      "Definition": "",\n      "Source": "2022 Business Planning + Goals.xlsx"\n    },\n    {\n      "Verb": "3. Shipping cost lowered",\n      "Outcome": "Cost of shipping under $50, limit $5",\n      "Definition": "",\n      "Source": "2022 Business Planning + Goals.xlsx"\n    },\n    {\n      "Verb": "4. Spare parts layout",\n      "Outcome": "Tech calls for replacement parts reduced by 50%",\n      "Definition": "",\n      "Source": "2022 Business Planning + Goals.xlsx"\n    },\n    {\n      "Verb": "5. UCO/Prefilters/Coupler/URP.. Visual selection guide",\n      "Outcome": "Sales of items increase by 100%",\n      "Definition": "",\n      "Source": "2022 Business Planning + Goals.xlsx"\n    }\n  ]\n}\n```'}
2023-07-25 00:14:33.316733,{'type': 'progress_info', 'body': '- Customer Intimacy\n'}
2023-07-25 00:14:33.316733,{'type': 'progress_info', 'body': 'enabler objectives complete:\n'}
2023-07-25 00:14:33.316733,{'type': 'results_text', 'body': '### Category: enabler'}
2023-07-25 00:14:33.449931,{'type': 'results_text', 'body': '#### topic: Strategic Assets\n'}
2023-07-25 00:14:39.987239,{'type': 'results_text', 'body': '##### Text Response'}
2023-07-25 00:14:39.987239,{'type': 'results_text', 'body': "```text\nBased on the provided context, I couldn't find any specific objectives addressing Strategic Assets. However, I can provide some relevant suggestions based on the context:\n\n1. Improve inventory management: Implement strategies to optimize inventory levels, reduce shortages, and improve overall inventory accuracy. This can involve implementing inventory tracking systems, improving forecasting methods, and establishing efficient replenishment processes.\n\n2. Enhance production capabilities: Invest in technology and automation to increase production capacity and efficiency. This can include implementing production automation systems, streamlining processes, and exploring opportunities for outsourcing or partnerships to expand production capabilities.\n\n3. Strengthen supply chain resilience: Address the challenges related to supply chain disruptions and shortages by diversifying suppliers, improving supplier relationships, and implementing risk management strategies. This can involve conducting regular supplier assessments, establishing backup suppliers, and implementing contingency plans.\n\nThese suggestions aim to improve the company's strategic assets by focusing on areas such as inventory management, production capabilities, and supply chain resilience.\n```"}
2023-07-25 00:15:00.078441,{'type': 'results_text', 'body': '##### Function Response\n```text\n{\n  "objectives_list": [\n    {\n      "Verb": "Building",\n      "Outcome": "FG inventory",\n      "Definition": "Technology, Automation, SAW, capitalize on Fox/King backorders. Need programs, inventory & new applications",\n      "Source": "C:\\\\Users\\\\Hendrix\\\\Documents\\\\GitHub\\\\strategy-ai\\\\backend\\\\strategy_ai\\\\available_data\\\\visible_files\\\\client_files\\\\2022 Business Planning + Goals.xlsx, on page: Week #44"\n    },\n    {\n      "Verb": "Increase",\n      "Outcome": "Production",\n      "Definition": "Look to find people and/or processes to eliminate myself (succession plan)",\n      "Source": "C:\\\\Users\\\\Hendrix\\\\Documents\\\\GitHub\\\\strategy-ai\\\\backend\\\\strategy_ai\\\\available_data\\\\visible_files\\\\client_files\\\\2022 Business Planning + Goals.xlsx, on page: Week #44"\n    },\n    {\n      "Verb": "Increase",\n      "Outcome": "production",\n      "Definition": "Increase our ability to produce products to fulfill the backorders and increase our service level.",\n      "Source": "C:\\\\Users\\\\Hendrix\\\\Documents\\\\GitHub\\\\strategy-ai\\\\backend\\\\strategy_ai\\\\available_data\\\\visible_files\\\\client_files\\\\2022 Business Planning + Goals.xlsx, on page: Week #44"\n    },\n    {\n      "Verb": "Increase",\n      "Outcome": "production",\n      "Definition": "Increase our ability to produce products to fulfill the backorders and increase our service level.",\n      "Source": "C:\\\\Users\\\\Hendrix\\\\Documents\\\\GitHub\\\\strategy-ai\\\\backend\\\\strategy_ai\\\\available_data\\\\visible_files\\\\client_files\\\\2022 Business Planning + Goals.xlsx, on page: Week #44"\n    },\n    {\n      "Verb": "Move",\n      "Outcome": "to 1375 AIS with inventory locations and counts",\n      "Definition": "Shipping: key staff / processes",\n      "Source": "C:\\\\Users\\\\Hendrix\\\\Documents\\\\GitHub\\\\strategy-ai\\\\backend\\\\strategy_ai\\\\available_data\\\\visible_files\\\\client_files\\\\2022 Business Planning + Goals.xlsx, on page: Week #44"\n    },\n    {\n      "Verb": "Move",\n      "Outcome": "to 1375",\n      "Definition": "Accuracy of components in kits",\n      "Source": "C:\\\\Users\\\\Hendrix\\\\Documents\\\\GitHub\\\\strategy-ai\\\\backend\\\\strategy_ai\\\\available_data\\\\visible_files\\\\client_files\\\\2022 Business Planning + Goals.xlsx, on page: Week #44"\n    }\n  ]\n}\n```'}
2023-07-25 00:15:00.078441,{'type': 'progress_info', 'body': '- Strategic Assets\n'}
2023-07-25 00:15:00.362479,{'type': 'results_text', 'body': '#### topic: building a climate for action\n'}
2023-07-25 00:15:06.723932,{'type': 'results_text', 'body': '##### Text Response'}
2023-07-25 00:15:06.723932,{'type': 'results_text', 'body': "```text\nBased on the provided context, I couldn't find any specific objectives addressing building a climate for action. However, I can provide some relevant suggestions based on the context:\n\n1. Improve Communication: Enhance communication across the company to ensure that plans are executed as intended and to foster a climate of action. This can be achieved through regular meetings, clear communication channels, and effective collaboration tools.\n\n2. Increase Production Efficiency: Implement technology and automation to work smarter and increase production capacity. This can involve finding ways to eliminate manual processes, streamline operations, and improve overall efficiency.\n\n3. Employee Recognition and Morale: Recognize the value of long-term employees and implement employee recognition programs to increase morale and create a positive climate for action. This can include initiatives such as employee appreciation events, rewards and incentives, and opportunities for professional growth.\n\nThese suggestions aim to create an environment that encourages action, collaboration, and productivity within the company.\n```"}
2023-07-25 00:15:16.822247,{'type': 'results_text', 'body': '##### Function Response\n```text\n{\n  "objectives_list": [\n    {\n      "Verb": "Increase",\n      "Outcome": "Production",\n      "Definition": "Increase our ability to produce products to fulfill the backorders and increase our service level.",\n      "Source": "C:\\\\Users\\\\Hendrix\\\\Documents\\\\GitHub\\\\strategy-ai\\\\backend\\\\strategy_ai\\\\available_data\\\\visible_files\\\\client_files\\\\2022 Business Planning + Goals.xlsx, on page: Week #44"\n    },\n    {\n      "Verb": "Improve",\n      "Outcome": "Customer experience",\n      "Definition": "Reduce waiting time, reduce calls for order status, eliminate hassle for issuing customer their credit back.",\n      "Source": "C:\\\\Users\\\\Hendrix\\\\Documents\\\\GitHub\\\\strategy-ai\\\\backend\\\\strategy_ai\\\\available_data\\\\visible_files\\\\client_files\\\\2022 Business Planning + Goals (page 1 - Master Plan 2022).pdf, on page: None"\n    },\n    {\n      "Verb": "Replace",\n      "Outcome": "Amazon $5M lost business",\n      "Definition": "",\n      "Source": "C:\\\\Users\\\\Hendrix\\\\Documents\\\\GitHub\\\\strategy-ai\\\\backend\\\\strategy_ai\\\\available_data\\\\visible_files\\\\client_files\\\\2022 Business Planning + Goals (page 1 - Master Plan 2022).pdf, on page: None"\n    }\n  ]\n}\n```'}
2023-07-25 00:15:16.822247,{'type': 'progress_info', 'body': '- building a climate for action\n'}
2023-07-25 00:15:17.003399,{'type': 'results_text', 'body': '#### topic: attracting, retaining, and developing talent\n'}
2023-07-25 00:15:24.535313,{'type': 'results_text', 'body': '##### Text Response'}
2023-07-25 00:15:24.535313,{'type': 'results_text', 'body': "```text\nBased on the provided context, I couldn't find any specific objectives addressing attracting, retaining, and developing talent. However, I can provide some relevant suggestions based on the context:\n\n1. Improve Staffing and Retention: Develop strategies to attract and retain quality employees, such as implementing competitive compensation packages, offering career development opportunities, and creating a positive work culture.\n\n2. Succession Planning: Establish a succession plan to ensure a smooth transition of key roles and responsibilities within the organization. This can involve identifying high-potential employees, providing them with training and development opportunities, and creating a clear career progression path.\n\n3. Enhance Training and Development Programs: Invest in training and development programs to enhance the skills and capabilities of employees. This can include providing ongoing training, workshops, and mentorship programs to support their professional growth and development.\n\nPlease note that these suggestions are based on the context provided and may not reflect the actual objectives of the company. It is recommended to refer to the specific documents or sources for more accurate information on the company's objectives.\n```"}
2023-07-25 00:15:34.357092,{'type': 'results_text', 'body': '##### Function Response\n```text\n{\n  "objectives_list": [\n    {\n      "Verb": "Staffing",\n      "Outcome": "Retaining Employees",\n      "Definition": "Phone sales channel continues to underperform",\n      "Source": "C:\\\\Users\\\\Hendrix\\\\Documents\\\\GitHub\\\\strategy-ai\\\\backend\\\\strategy_ai\\\\available_data\\\\visible_files\\\\client_files\\\\2022 Business Planning + Goals.xlsx, on page: Week #44"\n    },\n    {\n      "Verb": "Get wrong people off the bus",\n      "Outcome": "Retrain hourly personnel to reestablish our company culture",\n      "Definition": "Shore up flawed/missing processes exposed by backlogs",\n      "Source": "C:\\\\Users\\\\Hendrix\\\\Documents\\\\GitHub\\\\strategy-ai\\\\backend\\\\strategy_ai\\\\available_data\\\\visible_files\\\\client_files\\\\2022 Business Planning + Goals.xlsx, on page: Week #44"\n    },\n    {\n      "Verb": "Program in place to source and retain quality employees",\n      "Outcome": "Production & Shipping Automation",\n      "Definition": "Hire warehouse manager",\n      "Source": "C:\\\\Users\\\\Hendrix\\\\Documents\\\\GitHub\\\\strategy-ai\\\\backend\\\\strategy_ai\\\\available_data\\\\visible_files\\\\client_files\\\\2022 Business Planning + Goals.xlsx, on page: Week #44"\n    }\n  ]\n}\n```'}
2023-07-25 00:15:34.357092,{'type': 'progress_info', 'body': '- attracting, retaining, and developing talent\n'}
