2023-08-03 01:46:35.288707,"{'type': 'message', 'body': 'Starting task t1_surfacing, uuid: b27d5268-e39b-47ac-8623-15cfcafc65a5.'}"
2023-08-03 01:46:35.288707,"{'type': 'message', 'body': 'Running task SURFACING, uuid: b27d5268-e39b-47ac-8623-15cfcafc65a5.'}"
2023-08-03 01:46:35.288707,"{'type': 'results_text', 'body': '## Company Objectives'}"
2023-08-03 01:46:35.289708,"{'type': 'progress_info', 'body': 'Financial objectives complete:'}"
2023-08-03 01:46:35.289708,"{'type': 'results_text', 'body': '### Category: Financial'}"
2023-08-03 01:46:35.289708,"{'type': 'results_text', 'body': '#### topic: Increasing Revenue'}"
2023-08-03 01:46:35.289708,"{'type': 'results_text', 'body': '##### Text Response'}"
2023-08-03 01:46:51.618123,"{'type': 'results_text', 'body': '```text\nBased on the provided context, here are two objectives related to increasing revenue for the company:\n\n1. Market Expansion and Penetration: The company aims to expand its market presence in the US by establishing distribution centers strategically located in key regions across the country. By forging partnerships with major retailers and carriers, the company intends to ensure its smartphones are easily accessible to consumers nationwide. Aggressive marketing campaigns and promotional activities will help raise brand awareness and drive demand for their products.\n\n2. Product Diversification: The company plans to continue innovating and introducing a diverse range of smartphones and smart devices to cater to different customer segments. This includes flagship smartphones with cutting-edge features to attract tech enthusiasts, as well as mid-range devices to target a broader customer base.\n\nSOURCES: revenue-info.txt, goals-for-new-revenue.txt\n\nIf additional objectives related to increasing revenue are needed, here are some relevant suggestions based on the context:\n\n3. Enhancing Customer Support and After-Sales Services: The company can focus on improving customer support and after-sales services to build long-term customer loyalty and satisfaction. This can lead to repeat purchases and positive word-of-mouth, ultimately driving revenue growth.\n\n4. Strategic Marketing and Partnerships: The company can invest in strategic marketing initiatives and partnerships to further promote its products and reach a wider audience. Collaborating with influencers, sponsoring events, and leveraging social media platforms can help increase brand visibility and attract new customers.\n\n5. Expanding into New Markets: In addition to the US market, the company can explore opportunities for expansion into other regions or countries. This can involve conducting market research, identifying target markets, and adapting products and marketing strategies to suit the preferences and needs of those markets.\n\n6. Improving Brand Reputation: Building a strong brand reputation can positively impact revenue growth. The company can focus on delivering high-quality products, providing excellent customer service, and actively managing its online presence and reputation through reviews and feedback.\n\n7. Pricing and Promotions: The company can analyze pricing strategies and consider offering competitive prices or attractive promotions to incentivize customers to choose their products over competitors. This can help drive sales volume and revenue.\n\n8. Continuous Innovation: The company should prioritize continuous innovation to stay ahead of the competition and meet evolving customer demands. By introducing new features, technologies, and product improvements, the company can attract tech-savvy customers and maintain a competitive edge in the market.\n```'}"
2023-08-03 01:46:51.619806,"{'type': 'results_text', 'body': '##### Formatted Response'}"
2023-08-03 01:46:51.620813,"{'type': 'results_text', 'body': '```json\n[\n    {\n        "Verb": "Expand",\n        "Outcome": "market presence in the US",\n        "Definition": "Establish distribution centers strategically located in key regions across the country. Forge partnerships with major retailers and carriers. Conduct aggressive marketing campaigns and promotional activities to raise brand awareness and drive demand for products.",\n        "Source": "goals-for-new-revenue.txt"\n    },\n    {\n        "Verb": "Diversify",\n        "Outcome": "product range",\n        "Definition": "Continue to innovate and introduce a diverse range of smartphones and smart devices to cater to different customer segments.",\n        "Source": "goals-for-new-revenue.txt"\n    },\n    {\n        "Verb": "Capitalize",\n        "Outcome": "on expansion into the US market",\n        "Definition": "Target a broader customer base and leverage strong brand reputation to gain market share. Introduce innovative products with cutting-edge technology and offer a wider range of devices to cater to different customer segments. Enhance customer support and after-sales services to build long-term customer loyalty and satisfaction.",\n        "Source": "revenue-info.txt"\n    }\n]\n```'}"
2023-08-03 01:46:51.621887,"{'type': 'progress_info', 'body': '- Increasing Revenue'}"
2023-08-03 01:46:51.621887,"{'type': 'results_text', 'body': '#### topic: Cost Reduction'}"
2023-08-03 01:46:51.621887,"{'type': 'results_text', 'body': '##### Text Response'}"
2023-08-03 01:46:51.621887,"{'type': 'results_text', 'body': "```text\nBased on the provided context, I couldn't find any specific objectives addressing cost reduction. However, based on the information available, here are some relevant suggestions for objectives related to cost reduction:\n\n1. Streamline Supply Chain: Implementing measures to optimize the supply chain process, such as reducing lead times, improving inventory management, and negotiating better terms with suppliers, can help reduce costs.\n\n2. Operational Efficiency: Focus on improving operational efficiency by identifying and eliminating any inefficiencies or bottlenecks in the production process. This can include implementing lean manufacturing principles, automating certain tasks, and optimizing resource allocation.\n\n3. Cost Control Measures: Implement cost control measures across the organization, such as monitoring and analyzing expenses, identifying areas of unnecessary spending, and implementing cost-saving initiatives.\n\nPlease note that these suggestions are based on the context provided and may not directly reflect the company's specific objectives.\n```"}"
2023-08-03 01:46:51.623184,"{'type': 'results_text', 'body': '##### Formatted Response'}"
2023-08-03 01:46:51.623184,"{'type': 'results_text', 'body': '```json\n[\n    {\n        "Verb": "Reduce",\n        "Outcome": "operating costs",\n        "Definition": "Decrease the expenses associated with running the business",\n        "Source": "N/A"\n    },\n    {\n        "Verb": "Optimize",\n        "Outcome": "supply chain",\n        "Definition": "Improve the efficiency and effectiveness of the supply chain",\n        "Source": "N/A"\n    },\n    {\n        "Verb": "Streamline",\n        "Outcome": "business processes",\n        "Definition": "Simplify and improve the efficiency of internal processes",\n        "Source": "N/A"\n    }\n]\n```'}"
2023-08-03 01:46:51.623184,"{'type': 'progress_info', 'body': '- Cost Reduction'}"
2023-08-03 01:46:51.624537,"{'type': 'results_text', 'body': '#### topic: Asset Optimization'}"
2023-08-03 01:46:51.624537,"{'type': 'results_text', 'body': '##### Text Response'}"
2023-08-03 01:46:51.624537,"{'type': 'results_text', 'body': "```text\nI'm sorry, but I couldn't find any specific objectives addressing Asset Optimization in the provided context. However, based on the context, here are some relevant suggestions for objectives related to Asset Optimization:\n\n1. Improve Supply Chain Efficiency: Implement strategies to optimize the supply chain process, reduce lead times, and minimize inventory holding costs. This can involve streamlining logistics, improving forecasting accuracy, and implementing just-in-time inventory management.\n\n2. Enhance Operational Efficiency: Identify and eliminate inefficiencies in production processes, such as reducing downtime, improving equipment utilization, and optimizing resource allocation. This can involve implementing lean manufacturing principles, investing in automation technologies, and conducting regular performance evaluations.\n\n3. Optimize Asset Utilization: Maximize the utilization of existing assets, such as manufacturing equipment, facilities, and technology infrastructure. This can involve implementing preventive maintenance programs, conducting regular asset audits, and exploring opportunities for asset sharing or leasing.\n\nPlease note that these suggestions are based on the general concept of Asset Optimization and may not directly correspond to the specific objectives of the company mentioned in the context.\n```"}"
2023-08-03 01:46:51.626129,"{'type': 'results_text', 'body': '##### Formatted Response'}"
2023-08-03 01:46:51.626129,"{'type': 'results_text', 'body': '```json\n[\n    {\n        "Verb": "Optimize",\n        "Outcome": "asset utilization",\n        "Definition": "Increase the efficiency and productivity of company assets",\n        "Source": "N/A"\n    },\n    {\n        "Verb": "Reduce",\n        "Outcome": "asset downtime",\n        "Definition": "Minimize the amount of time that company assets are not in operation",\n        "Source": "N/A"\n    },\n    {\n        "Verb": "Improve",\n        "Outcome": "asset maintenance",\n        "Definition": "Enhance the maintenance processes and practices for company assets",\n        "Source": "N/A"\n    }\n]\n```'}"
2023-08-03 01:46:51.627965,"{'type': 'progress_info', 'body': '- Asset Optimization'}"
2023-08-03 01:46:51.627965,"{'type': 'progress_info', 'body': 'Customer objectives complete:'}"
2023-08-03 01:46:51.627965,"{'type': 'results_text', 'body': '### Category: Customer'}"
2023-08-03 01:46:51.627965,"{'type': 'results_text', 'body': '#### topic: Improving the Brand'}"
2023-08-03 01:46:51.627965,"{'type': 'results_text', 'body': '##### Text Response'}"
2023-08-03 01:46:51.628975,"{'type': 'results_text', 'body': "```text\nBased on the provided context, here are 2-3 objectives related to improving the brand for the company:\n\n1. Enhance Brand Reputation: TechConnect aims to leverage its strong brand reputation and track record of innovative products to establish itself as a credible and desirable brand in the competitive US smartphone market. This objective involves showcasing the company's reliability and innovation to build trust among US consumers.\n\n2. Increase Brand Presence: To improve the brand, TechConnect plans to focus on marketing and partnerships to increase its brand presence in the US market. This objective involves utilizing influencer marketing, endorsements, and partnerships with popular figures or organizations to strengthen the brand's visibility and reach.\n\n3. Incorporate Emerging Technologies: TechConnect aims to explore emerging technologies such as augmented reality (AR), virtual reality (VR), and artificial intelligence (AI) to provide innovative and futuristic features to their devices. By incorporating these technologies, the company can enhance its brand image as a tech-savvy and forward-thinking smartphone brand.\n\nSOURCES: C:\\Users\\Hendrix\\Documents\\GitHub\\strategy-ai\\backend\\strategy_ai\\available_data\\visible_files\\client_files\\basic-info.txt, C:\\Users\\Hendrix\\Documents\\GitHub\\strategy-ai\\backend\\strategy_ai\\available_data\\visible_files\\client_files\\goals-for-new-revenue.txt\n```"}"
2023-08-03 01:46:51.629977,"{'type': 'results_text', 'body': '##### Formatted Response'}"
2023-08-03 01:46:51.630975,"{'type': 'results_text', 'body': '```json\n[\n    {\n        "Verb": "Replicate",\n        "Outcome": "success in the US",\n        "Definition": "TechConnect aims to replicate its success in the US and compete with other established smartphone brands in the region.",\n        "Source": "basic-info.txt"\n    },\n    {\n        "Verb": "Build",\n        "Outcome": "trust among US consumers",\n        "Definition": "TechConnect aims to build trust among US consumers, positioning itself as a credible and desirable brand in a competitive market.",\n        "Source": "goals-for-new-revenue.txt"\n    },\n    {\n        "Verb": "Strengthen",\n        "Outcome": "brand\'s presence in the US market",\n        "Definition": "TechConnect aims to strengthen its brand\'s presence in the US market through influencer marketing, endorsements, and partnerships with popular figures or organizations.",\n        "Source": "goals-for-new-revenue.txt"\n    }\n]\n```'}"
2023-08-03 01:46:51.630975,"{'type': 'progress_info', 'body': '- Improving the Brand'}"
2023-08-03 01:46:51.631975,"{'type': 'results_text', 'body': '#### topic: Customer Service'}"
2023-08-03 01:46:51.631975,"{'type': 'results_text', 'body': '##### Text Response'}"
2023-08-03 01:46:51.631975,"{'type': 'results_text', 'body': "```text\nBased on the available context, I couldn't find specific objectives addressing customer service for this company. However, based on the context, here are some relevant suggestions for objectives related to customer service:\n\n1. Enhance Customer Support Infrastructure: Invest in improving the customer support infrastructure by expanding the support team, implementing chatbots and AI-driven support solutions, and offering personalized assistance. This will help in resolving customer queries and issues promptly, improving customer satisfaction and loyalty.\n\n2. Improve Customer Satisfaction: Focus on improving customer satisfaction by providing timely and effective solutions to customer issues, ensuring a positive customer experience throughout their journey with the company.\n\n3. Foster Positive Word-of-Mouth: Implement strategies to encourage positive word-of-mouth by delivering exceptional customer service, resolving customer complaints promptly, and exceeding customer expectations. This will lead to increased referrals and brand advocacy.\n\nPlease note that these suggestions are based on the context provided and may not reflect the actual objectives of the company.\n```"}"
2023-08-03 01:46:51.632976,"{'type': 'results_text', 'body': '##### Formatted Response'}"
2023-08-03 01:46:51.633978,"{'type': 'results_text', 'body': '```json\n[\n    {\n        "Verb": "Enhanced",\n        "Outcome": "Customer Support",\n        "Definition": "Investing in improving customer support infrastructure, expanding the support team, implementing chatbots and AI-driven support solutions, and offering personalized assistance.",\n        "Source": "goals-for-new-revenue.txt"\n    }\n]\n```'}"
2023-08-03 01:46:51.633978,"{'type': 'progress_info', 'body': '- Customer Service'}"
2023-08-03 01:46:51.634977,"{'type': 'results_text', 'body': '#### topic: Product Service/Functionality'}"
2023-08-03 01:46:51.634977,"{'type': 'results_text', 'body': '##### Text Response'}"
2023-08-03 01:46:51.634977,"{'type': 'results_text', 'body': "```text\nBased on the provided context, I couldn't find specific objectives addressing Product Service/Functionality. However, based on the information available, here are some relevant suggestions for objectives related to Product Service/Functionality:\n\n1. Enhance product features and functionality: The company can aim to continuously innovate and improve the features and functionality of their smartphones and smart devices. This can include introducing cutting-edge technologies, improving user experience, and offering unique features that differentiate their products from competitors.\n\n2. Expand product portfolio: TechConnect can focus on diversifying their product offerings to cater to different customer segments. This can involve introducing a range of smartphones and smart devices with varying specifications, price points, and target audiences. By expanding their product portfolio, the company can attract a wider customer base and increase market share.\n\n3. Improve product quality and reliability: Ensuring high-quality and reliable products is crucial for customer satisfaction and brand reputation. TechConnect can set objectives to enhance the quality control processes, conduct rigorous testing, and implement measures to improve the reliability and durability of their products. This can help build trust among customers and establish a positive brand image.\n\nPlease note that these suggestions are based on the context provided and may not directly reflect the specific objectives of the company.\n```"}"
2023-08-03 01:46:51.636976,"{'type': 'results_text', 'body': '##### Formatted Response'}"
2023-08-03 01:46:51.636976,"{'type': 'results_text', 'body': '```json\n[\n    {\n        "Verb": "Innovate",\n        "Outcome": "introduce a diverse range of smartphones and smart devices",\n        "Definition": "to cater to different customer segments",\n        "Source": "C:\\\\Users\\\\Hendrix\\\\Documents\\\\GitHub\\\\strategy-ai\\\\backend\\\\strategy_ai\\\\available_data\\\\visible_files\\\\client_files\\\\goals-for-new-revenue.txt"\n    }\n]\n```'}"
2023-08-03 01:46:51.636976,"{'type': 'progress_info', 'body': '- Product Service/Functionality'}"
2023-08-03 01:46:51.637975,"{'type': 'progress_info', 'body': 'Internal objectives complete:'}"
2023-08-03 01:46:51.637975,"{'type': 'results_text', 'body': '### Category: Internal'}"
2023-08-03 01:46:51.637975,"{'type': 'results_text', 'body': '#### topic: Operational Excellence'}"
2023-08-03 01:46:51.637975,"{'type': 'results_text', 'body': '##### Text Response'}"
2023-08-03 01:46:51.638975,"{'type': 'results_text', 'body': "```text\nBased on the provided context, I couldn't find specific objectives addressing Operational Excellence. However, I can provide some relevant suggestions based on the context:\n\n1. Continuous Improvement: Implementing a culture of continuous improvement to enhance operational efficiency, reduce waste, and optimize processes.\n\n2. Supply Chain Optimization: Streamlining the supply chain processes to improve inventory management, reduce lead times, and enhance overall operational performance.\n\n3. Quality Management: Implementing robust quality management systems and processes to ensure consistent product quality and customer satisfaction.\n\nPlease note that these suggestions are based on the general concept of Operational Excellence and may not directly align with the specific objectives of the company mentioned in the context.\n```"}"
2023-08-03 01:46:51.639975,"{'type': 'results_text', 'body': '##### Formatted Response'}"
2023-08-03 01:46:51.639975,"{'type': 'results_text', 'body': '```json\n[\n    {\n        "Verb": "Continuous innovation",\n        "Outcome": "achieve revenue goals and establish a strong foothold in the competitive US smartphone market",\n        "Definition": "",\n        "Source": "goals-for-new-revenue.txt"\n    },\n    {\n        "Verb": "Customer-centric practices",\n        "Outcome": "drive sales and achieve revenue milestones",\n        "Definition": "",\n        "Source": "revenue-info.txt"\n    }\n]\n```'}"
2023-08-03 01:46:51.640975,"{'type': 'progress_info', 'body': '- Operational Excellence'}"
2023-08-03 01:46:51.640975,"{'type': 'results_text', 'body': '#### topic: Product Innovation'}"
2023-08-03 01:46:51.640975,"{'type': 'results_text', 'body': '##### Text Response'}"
2023-08-03 01:46:51.640975,"{'type': 'results_text', 'body': "```text\nBased on the provided context, here are two objectives related to product innovation for TechConnect:\n\n1. Objective: Continuously innovate and deliver innovative smartphones.\n   - Function: Research and Development (R&D)\n   - Description: TechConnect aims to maintain a track record of innovative products by investing in research and development. This objective involves continuously exploring new technologies, features, and designs to stay ahead of the competition and meet the evolving needs of consumers.\n\n2. Objective: Incorporate 5G capabilities and emerging technologies.\n   - Function: Research and Development (R&D)\n   - Description: With the rapid growth of 5G technology and emerging technologies like augmented reality (AR), virtual reality (VR), and artificial intelligence (AI), TechConnect aims to incorporate these capabilities into their product lineup. By offering 5G-enabled smartphones and innovative features, the company can attract tech-savvy consumers looking for enhanced connectivity and futuristic experiences.\n\nThese objectives align with TechConnect's goal of establishing a strong foothold in the competitive US smartphone market through product innovation. They emphasize the importance of continuous research and development to deliver cutting-edge products and stay ahead of the competition.\n\nSOURCES: C:\\Users\\Hendrix\\Documents\\GitHub\\strategy-ai\\backend\\strategy_ai\\available_data\\visible_files\\client_files\\goals-for-new-revenue.txt\n```"}"
2023-08-03 01:46:51.642989,"{'type': 'results_text', 'body': '##### Formatted Response'}"
2023-08-03 01:46:51.642989,"{'type': 'results_text', 'body': '```json\n[\n    {\n        "Verb": "Replicate",\n        "Outcome": "success in the US",\n        "Definition": "TechConnect aims to replicate its success in the US and compete with other established smartphone brands in the region.",\n        "Source": "basic-info.txt"\n    },\n    {\n        "Verb": "Continuous innovation",\n        "Outcome": "driving force behind success",\n        "Definition": "Continuous innovation will be the driving force behind TechConnect\'s success.",\n        "Source": "goals-for-new-revenue.txt"\n    },\n    {\n        "Verb": "Invest in research and development",\n        "Outcome": "incorporate 5G capabilities",\n        "Definition": "TechConnect will invest in research and development to incorporate 5G capabilities across its product lineup.",\n        "Source": "goals-for-new-revenue.txt"\n    },\n    {\n        "Verb": "Explore emerging technologies",\n        "Outcome": "provide innovative and futuristic features",\n        "Definition": "TechConnect will explore emerging technologies such as augmented reality (AR), virtual reality (VR), and artificial intelligence (AI) to provide innovative and futuristic features to their devices.",\n        "Source": "goals-for-new-revenue.txt"\n    }\n]\n```'}"
2023-08-03 01:46:51.645050,"{'type': 'progress_info', 'body': '- Product Innovation'}"
2023-08-03 01:46:51.645050,"{'type': 'results_text', 'body': '#### topic: Regulatory Compliance'}"
2023-08-03 01:46:51.645050,"{'type': 'results_text', 'body': '##### Text Response'}"
2023-08-03 01:46:51.646050,"{'type': 'results_text', 'body': "```text\nBased on the provided context, I couldn't find specific objectives addressing Regulatory Compliance. However, I can provide some relevant suggestions based on the context:\n\n1. Objective: Ensure Compliance with Data Privacy Laws\n   - Implement and maintain strict adherence to data privacy laws, such as PIPEDA (Personal Information Protection and Electronic Documents Act).\n   - Regularly review and update data privacy policies and procedures to align with regulatory requirements.\n   - Conduct employee training programs to educate staff on data privacy regulations and best practices.\n\n2. Objective: Maintain Compliance with Environmental Regulations\n   - Implement eco-friendly manufacturing practices to reduce the company's environmental impact.\n   - Monitor and comply with environmental regulations, such as ISO 14001 for environmental management.\n   - Regularly assess and improve waste management and recycling processes.\n\n3. Objective: Adhere to Consumer Protection Laws\n   - Stay updated on consumer protection laws, such as the Consumer Protection Act, and ensure compliance in all business operations.\n   - Provide transparent and accurate product information to consumers, including pricing, features, and warranties.\n   - Establish a customer support system to address consumer complaints and inquiries promptly.\n\nThese objectives are suggestions based on the context provided. It's important to note that the specific objectives of the company regarding regulatory compliance may not be explicitly mentioned in the available context.\n```"}"
2023-08-03 01:46:51.647050,"{'type': 'results_text', 'body': '##### Formatted Response'}"
2023-08-03 01:46:51.647050,"{'type': 'results_text', 'body': '```json\n[\n    {\n        "Verb": "Ensure",\n        "Outcome": "strict compliance",\n        "Definition": "adherence to all Canadian regulations, including data privacy laws (PIPEDA), environmental regulations, and consumer protection laws (such as the Consumer Protection Act)",\n        "Source": "C:\\\\Users\\\\Hendrix\\\\Documents\\\\GitHub\\\\strategy-ai\\\\backend\\\\strategy_ai\\\\available_data\\\\visible_files\\\\client_files\\\\basic-info.txt"\n    }\n]\n```'}"
2023-08-03 01:46:51.648261,"{'type': 'progress_info', 'body': '- Regulatory Compliance'}"
2023-08-03 01:46:51.648261,"{'type': 'results_text', 'body': '#### topic: Customer Intimacy'}"
2023-08-03 01:46:51.648261,"{'type': 'results_text', 'body': '##### Text Response'}"
2023-08-03 01:46:51.649764,"{'type': 'results_text', 'body': "```text\nBased on the provided context, I couldn't find specific objectives addressing Customer Intimacy. However, based on the information provided, here are some relevant suggestions for objectives related to Customer Intimacy:\n\n1. Enhance Customer Engagement: Implement strategies to actively engage with customers, such as personalized marketing campaigns, loyalty programs, and customer feedback mechanisms. This will help build stronger relationships with customers and improve their overall experience with the brand.\n\n2. Develop Customer-Centric Practices: Focus on understanding customer needs, preferences, and pain points to tailor products and services accordingly. This can be achieved through market research, customer surveys, and data analysis. By prioritizing customer satisfaction and delivering personalized solutions, the company can foster a sense of intimacy with its customers.\n\n3. Build Trust and Loyalty: Establish a reputation for reliability, quality, and exceptional customer service. This can be achieved by consistently delivering on promises, providing prompt and effective customer support, and actively addressing customer concerns. Building trust and loyalty will contribute to long-term customer relationships and repeat business.\n\nPlease note that these suggestions are based on the context provided and may not directly reflect the company's objectives.\n```"}"
2023-08-03 01:46:51.650781,"{'type': 'results_text', 'body': '##### Formatted Response'}"
2023-08-03 01:46:51.650781,"{'type': 'results_text', 'body': '```json\n[\n    {\n        "Verb": "Establish",\n        "Outcome": "strong foothold",\n        "Definition": "in the competitive US smartphone market",\n        "Source": "goals-for-new-revenue.txt"\n    },\n    {\n        "Verb": "Continuous innovation, customer-centric practices, and a focus on brand value",\n        "Outcome": "driving forces behind their success",\n        "Definition": "",\n        "Source": "goals-for-new-revenue.txt"\n    }\n]\n```'}"
2023-08-03 01:46:51.652209,"{'type': 'progress_info', 'body': '- Customer Intimacy'}"
2023-08-03 01:46:51.652209,"{'type': 'progress_info', 'body': 'Enabler objectives complete:'}"
2023-08-03 01:46:51.653285,"{'type': 'results_text', 'body': '### Category: Enabler'}"
2023-08-03 01:46:51.653285,"{'type': 'results_text', 'body': '#### topic: Strategic Assets'}"
2023-08-03 01:46:51.653285,"{'type': 'results_text', 'body': '##### Text Response'}"
2023-08-03 01:46:51.654297,"{'type': 'results_text', 'body': "```text\nBased on the provided context, I couldn't find specific objectives addressing Strategic Assets. However, based on the information provided, here are some relevant suggestions for objectives related to Strategic Assets:\n\n1. Build and maintain a strong brand reputation: TechConnect should focus on establishing a positive brand image and reputation in the US smartphone market. This can be achieved through consistent product quality, excellent customer service, and effective marketing strategies.\n\n2. Develop and protect intellectual property: TechConnect should invest in research and development to create innovative products and technologies. Additionally, they should implement measures to protect their intellectual property rights, such as patents and trademarks, to gain a competitive advantage and prevent unauthorized use of their innovations.\n\n3. Establish strategic partnerships: TechConnect should seek partnerships with key stakeholders in the industry, such as retailers, carriers, and technology providers. These partnerships can help expand their market reach, enhance distribution channels, and access valuable resources and expertise.\n\nPlease note that these suggestions are based on the context provided and may not reflect the actual objectives of the company. For accurate information on the company's objectives addressing Strategic Assets, it would be best to refer to the relevant documents or sources.\n```"}"
2023-08-03 01:46:51.655295,"{'type': 'results_text', 'body': '##### Formatted Response'}"
2023-08-03 01:46:51.656310,"{'type': 'results_text', 'body': '```json\n[\n    {\n        "Verb": "Replicate",\n        "Outcome": "success in the US",\n        "Definition": "TechConnect aims to replicate its success in the US and compete with other established smartphone brands in the region.",\n        "Source": "basic-info.txt"\n    },\n    {\n        "Verb": "Establish",\n        "Outcome": "strong foothold in the competitive US smartphone market",\n        "Definition": "TechConnect aims to achieve their revenue goals and establish a strong foothold in the competitive US smartphone market. Continuous innovation, customer-centric practices, and a focus on brand value will be the driving forces behind their success.",\n        "Source": "goals-for-new-revenue.txt"\n    }\n]\n```'}"
2023-08-03 01:46:51.657310,"{'type': 'progress_info', 'body': '- Strategic Assets'}"
2023-08-03 01:46:51.657310,"{'type': 'results_text', 'body': '#### topic: Building a Climate for Action'}"
2023-08-03 01:46:51.657310,"{'type': 'results_text', 'body': '##### Text Response'}"
2023-08-03 01:46:51.658310,"{'type': 'results_text', 'body': '```text\nBased on the provided context, I couldn\'t find any specific objectives addressing "Building a Climate for Action." However, I can provide some relevant suggestions based on the context:\n\n1. Implement sustainable practices: The company can focus on adopting eco-friendly manufacturing practices, reducing waste, and implementing recycling initiatives to minimize their environmental impact.\n\n2. Promote social responsibility: The company can emphasize their commitment to social causes and engage in initiatives that benefit the community. This can include supporting local charities, implementing fair labor practices, and promoting diversity and inclusion within the organization.\n\n3. Collaborate with environmental organizations: The company can form partnerships with environmental organizations to support and promote climate action initiatives. This can involve participating in environmental campaigns, sponsoring events, or contributing to research and development efforts focused on sustainability.\n\nPlease note that these suggestions are based on the context provided and may not directly reflect the objectives of the company.\n```'}"
2023-08-03 01:46:51.659310,"{'type': 'results_text', 'body': '##### Formatted Response'}"
2023-08-03 01:46:51.659310,"{'type': 'results_text', 'body': '```json\n[\n    {\n        "Verb": "Implement",\n        "Outcome": "sustainable practices",\n        "Definition": "TechConnect will implement eco-friendly manufacturing practices and focus on recycling and reducing waste.",\n        "Source": "C:\\\\Users\\\\Hendrix\\\\Documents\\\\GitHub\\\\strategy-ai\\\\backend\\\\strategy_ai\\\\available_data\\\\visible_files\\\\client_files\\\\goals-for-new-revenue.txt"\n    },\n    {\n        "Verb": "Emphasize",\n        "Outcome": "commitment to environmental and social causes",\n        "Definition": "Emphasizing their commitment to environmental and social causes can resonate with conscious consumers and enhance brand loyalty.",\n        "Source": "C:\\\\Users\\\\Hendrix\\\\Documents\\\\GitHub\\\\strategy-ai\\\\backend\\\\strategy_ai\\\\available_data\\\\visible_files\\\\client_files\\\\goals-for-new-revenue.txt"\n    }\n]\n```'}"
2023-08-03 01:46:51.660310,"{'type': 'progress_info', 'body': '- Building a Climate for Action'}"
2023-08-03 01:46:51.661314,"{'type': 'results_text', 'body': '#### topic: Attracting, Retaining, and Developing Talent'}"
2023-08-03 01:46:51.661314,"{'type': 'results_text', 'body': '##### Text Response'}"
2023-08-03 01:46:51.661314,"{'type': 'results_text', 'body': "```text\nBased on the provided context, I couldn't find any specific objectives addressing Attracting, Retaining, and Developing Talent for the company. However, based on the context, here are some relevant suggestions for objectives in this area:\n\n1. Attracting Talent:\n   - Develop a strong employer brand to attract top talent.\n   - Implement effective recruitment strategies to attract qualified candidates.\n   - Establish partnerships with educational institutions to attract young talent.\n\n2. Retaining Talent:\n   - Create a positive and inclusive work environment to enhance employee satisfaction and retention.\n   - Offer competitive compensation and benefits packages to retain top performers.\n   - Provide opportunities for professional growth and development to encourage employee loyalty.\n\n3. Developing Talent:\n   - Implement a comprehensive training and development program to enhance employee skills and capabilities.\n   - Offer mentoring and coaching programs to support the growth and development of employees.\n   - Provide opportunities for career advancement and progression within the company.\n\nPlease note that these suggestions are based on the general principles of attracting, retaining, and developing talent and may not directly reflect the specific objectives of the company mentioned in the context.\n```"}"
2023-08-03 01:46:51.663334,"{'type': 'results_text', 'body': '##### Formatted Response'}"
2023-08-03 01:46:51.663334,"{'type': 'results_text', 'body': '```json\n[\n    {\n        "Verb": "Attract",\n        "Outcome": "top talent",\n        "Definition": "Implement strategies to attract highly skilled and qualified individuals to join the company.",\n        "Source": "N/A"\n    },\n    {\n        "Verb": "Retain",\n        "Outcome": "key employees",\n        "Definition": "Develop programs and initiatives to ensure the retention of valuable employees.",\n        "Source": "N/A"\n    },\n    {\n        "Verb": "Develop",\n        "Outcome": "employee skills",\n        "Definition": "Invest in training and development programs to enhance the skills and capabilities of employees.",\n        "Source": "N/A"\n    }\n]\n```'}"
2023-08-03 01:46:51.664337,"{'type': 'progress_info', 'body': '- Attracting, Retaining, and Developing Talent'}"
2023-08-03 01:46:51.664337,"{'type': 'message', 'body': 'Finished task t1_surfacing, uuid: b27d5268-e39b-47ac-8623-15cfcafc65a5. It took 0:00:16.375630.'}"
