2023-07-24 18:19:09.920636,{'type': 'message', 'body': 'Starting task t1_surfacing, uuid: 74c16113-b79f-4936-a485-e386cb386926.'}
2023-07-24 18:19:09.920636,{'type': 'message', 'body': 'Running task t1_surfacing, uuid: 74c16113-b79f-4936-a485-e386cb386926.'}
2023-07-24 18:19:09.920636,{'type': 'results_text', 'body': '## Company Objectives\n'}
2023-07-24 18:19:09.920636,{'type': 'progress_info', 'body': 'financial objectives complete:\n'}
2023-07-24 18:19:09.920636,{'type': 'results_text', 'body': '### Category: financial\n'}
2023-07-24 18:19:10.112460,{'type': 'results_text', 'body': '#### topic: increasing revenue'}
2023-07-24 18:19:18.888913,{'type': 'results_text', 'body': '##### Text Response\n```text\n'}
2023-07-24 18:19:18.888913,{'type': 'results_text', 'body': 'Based on the provided context, here is a list of objectives addressing increasing revenue for the company:\n\n1. Increase production:\n   - AIS: 2,000 units per week\n   - Air Filters: 4,000 units per week\n   - Exhaust C/B: 500 units per week\n\n2. Expand to other adjacent markets:\n   - Off-road\n   - Exterior products\n   - Powersport\n   - Industrial filtration\n\n3. Increase revenue from direct channels:\n   - Drive 50% of revenue from the direct channel\n   - Increase capabilities to not depend on other channels to operate and be profitable\n\nSUGGESTIONS:\n- Improve customer experience to reduce waiting time, reduce calls for order status, and eliminate hassle for issuing customer credit back.\n- Replace lost Amazon business worth $5 million.\n- Re-align the entire company with the end-user and customers.\n- Grow direct sales channels to $10 million.\n- Web migration to Magento 2.0.\n- Utilize existing resources to do more with less.\n\nPlease note that these objectives are based on the provided context, and there may be additional objectives not mentioned in the given information.\n```\n'}
2023-07-24 18:19:24.684773,{'type': 'results_text', 'body': '\n##### Function Response\n```text\n{\n  "objectives_list": [\n    {\n      "Verb": "Increase",\n      "Outcome": "production",\n      "Definition": "AIS-2K/Week, A/F 4K/Week, Exh C/B 500/wk",\n      "Source": "2022 Business Planning + Goals.xlsx"\n    },\n    {\n      "Verb": "Increase",\n      "Outcome": "revenue",\n      "Definition": "20% increase to $40M",\n      "Source": "2022 Business Planning + Goals.xlsx"\n    },\n    {\n      "Verb": "Replace",\n      "Outcome": "$5M lost Amazon business",\n      "Definition": "Replacing $5M in lost Amazon business",\n      "Source": "2022 Business Planning + Goals.xlsx"\n    }\n  ]\n}\n```\n'}
2023-07-24 18:19:24.685818,{'type': 'progress_info', 'body': '- increasing revenue\n'}
2023-07-24 18:19:24.782389,{'type': 'results_text', 'body': '#### topic: cost reduction'}
2023-07-24 18:19:36.006670,{'type': 'results_text', 'body': '##### Text Response\n```text\n'}
2023-07-24 18:19:36.006670,{'type': 'results_text', 'body': "Based on the available context, here is a list of objectives addressing cost reduction for the company:\n\n1. Reduce Inventory: Lower inventory by $1.0 million per year or $20,000 per week. (Source: 2H-2023 Business planning- OKR SN2 6th _June_23.xlsx)\n2. Reduce Payroll: Reduce payroll by 15% or $15,000 per week. (Source: 2H-2023 Business planning- OKR SN2 6th _June_23.xlsx)\n3. Reduce Fixed Expenses: Reduce fixed expenses by $250,000 or $5,000 per week. (Source: 2H-2023 Business planning- OKR SN2 6th _June_23.xlsx)\n4. Reduce Receiving: Reduce receiving by 20% or $125,000 over a 7-week moving average. (Source: 2H-2023 Business planning- OKR SN2 6th _June_23.xlsx)\n\nThese objectives focus on reducing costs in various areas such as inventory, payroll, fixed expenses, and receiving. They provide specific targets and metrics to track progress.\n\nIf we cannot find objectives specifically addressing cost reduction, here are some relevant suggestions based on the context:\n\n1. Automate Processes: Automate basic and repetitive processes to reduce labor costs and improve efficiency.\n2. Optimize Supply Chain: Improve information flow and collaboration among departments to minimize disruptions and streamline operations.\n3. Improve Production Efficiency: Increase production capacity and output to meet demand through automation and process improvements.\n\nPlease note that these suggestions are based on the context provided and may not directly correspond to the company's actual objectives.\n```\n"}
2023-07-24 18:19:45.441715,{'type': 'results_text', 'body': '\n##### Function Response\n```text\n{\n  "objectives_list": [\n    {\n      "Verb": "Reduce",\n      "Outcome": "Inventory by $1.0M/Year",\n      "Definition": "Lower Inventory by $1.0M/Year; $20K/Wk.",\n      "Source": "2H-2023 Business planning- OKR SN2 6th _June_23.xlsx"\n    },\n    {\n      "Verb": "Reduce",\n      "Outcome": "Payroll by 15%",\n      "Definition": "Reduce Payroll by 15%,$15K/Wk.",\n      "Source": "2H-2023 Business planning- OKR SN2 6th _June_23.xlsx"\n    },\n    {\n      "Verb": "Reduce",\n      "Outcome": "Fixed expense- $250K",\n      "Definition": "Reduce Fixed expense- $250K,$5K/Wk.",\n      "Source": "2H-2023 Business planning- OKR SN2 6th _June_23.xlsx"\n    },\n    {\n      "Verb": "Reduce",\n      "Outcome": "Receiving by 20%",\n      "Definition": "Reduce Receiving by 20%;,$125K- 7WMA",\n      "Source": "2H-2023 Business planning- OKR SN2 6th _June_23.xlsx"\n    }\n  ]\n}\n```\n'}
2023-07-24 18:19:45.441715,{'type': 'progress_info', 'body': '- cost reduction\n'}
2023-07-24 18:19:45.972348,{'type': 'results_text', 'body': '#### topic: asset optimization'}
2023-07-24 18:19:50.089085,{'type': 'results_text', 'body': '##### Text Response\n```text\n'}
2023-07-24 18:19:50.089085,{'type': 'results_text', 'body': "Based on the provided context, I couldn't find specific objectives addressing asset optimization. However, I can provide some relevant suggestions based on the context:\n\n1. Increase Production Efficiency: Implement automation and streamline processes to optimize asset utilization and maximize production output.\n2. Improve Inventory Management: Implement inventory control measures to ensure optimal levels of inventory, reducing excess stock and minimizing holding costs.\n3. Enhance Supply Chain Visibility: Implement systems and processes to improve visibility and coordination across the supply chain, reducing lead times and optimizing asset utilization.\n\nThese suggestions aim to improve operational efficiency, reduce costs, and optimize the utilization of company assets.\n```\n"}
2023-07-24 18:19:58.782969,{'type': 'results_text', 'body': '\n##### Function Response\n```text\n{\n  "objectives_list": [\n    {\n      "Verb": "Increase",\n      "Outcome": "Production",\n      "Definition": "A/F 7.5k/Wk.; AiS 3.5K/Wk; C/B 500/wk.",\n      "Source": "2022 Business Planning + Goals.xlsx"\n    },\n    {\n      "Verb": "Increase",\n      "Outcome": "FG% of inventory",\n      "Definition": "to 50%",\n      "Source": "2022 Business Planning + Goals.xlsx"\n    },\n    {\n      "Verb": "Increase",\n      "Outcome": "our ability to produce products to fulfill the backorders and increase our service level",\n      "Definition": "",\n      "Source": "2022 Business Planning + Goals.xlsx"\n    },\n    {\n      "Verb": "Automate",\n      "Outcome": "basic, repetitive processes",\n      "Definition": "use staff for where they\'re most needed",\n      "Source": "2022 Business Planning + Goals.xlsx"\n    },\n    {\n      "Verb": "Build",\n      "Outcome": "FG inventory",\n      "Definition": "",\n      "Source": "2022 Business Planning + Goals.xlsx"\n    }\n  ]\n}\n```\n'}
2023-07-24 18:19:58.782969,{'type': 'progress_info', 'body': '- asset optimization\n'}
2023-07-24 18:19:58.782969,{'type': 'progress_info', 'body': 'customer objectives complete:\n'}
2023-07-24 18:19:58.783973,{'type': 'results_text', 'body': '### Category: customer\n'}
2023-07-24 18:19:59.360206,{'type': 'results_text', 'body': '#### topic: improving the brand'}
2023-07-24 18:20:04.863939,{'type': 'results_text', 'body': '##### Text Response\n```text\n'}
2023-07-24 18:20:04.863939,{'type': 'results_text', 'body': "Based on the provided context, I couldn't find specific objectives addressing improving the brand. However, I can provide some relevant suggestions based on the context:\n\n1. Enhance brand visibility and recognition: Implement marketing strategies to increase brand awareness among target customers and improve brand recognition in the market.\n\n2. Improve customer experience and satisfaction: Focus on delivering exceptional customer service, reducing waiting time, and eliminating hassles for customers. This will help improve the brand's reputation and customer loyalty.\n\n3. Expand to new markets and product offerings: Explore opportunities to expand into adjacent markets and introduce new products that align with the brand's core competencies. This can help increase brand reach and attract a wider customer base.\n\nPlease note that these suggestions are based on the context provided and may not directly reflect the company's specific objectives.\n```\n"}
2023-07-24 18:20:16.255296,{'type': 'results_text', 'body': '\n##### Function Response\n```text\n{\n  "objectives_list": [\n    {\n      "Verb": "Improve",\n      "Outcome": "Customer experience",\n      "Definition": "Reduce waiting time, reduce calls for order status, eliminate hassle for issuing customer their credit back.",\n      "Source": "2022 Business Planning + Goals (page 1 - Master Plan 2022).pdf"\n    },\n    {\n      "Verb": "Replace",\n      "Outcome": "Amazon $5M lost business",\n      "Definition": "",\n      "Source": "2022 Business Planning + Goals (page 1 - Master Plan 2022).pdf"\n    },\n    {\n      "Verb": "Re-align",\n      "Outcome": "entire company with the end-user + customers",\n      "Definition": "",\n      "Source": "2022 Business Planning + Goals (page 1 - Master Plan 2022).pdf"\n    },\n    {\n      "Verb": "Web migration",\n      "Outcome": "to Magento 2.0",\n      "Definition": "",\n      "Source": "2022 Business Planning + Goals (page 1 - Master Plan 2022).pdf"\n    },\n    {\n      "Verb": "Expand",\n      "Outcome": "to other adjacent markets",\n      "Definition": "Off-road; Paper Air filter, Life style focused, Exterior products; Powersport; Industrial filtration, using our core competencies of Design, Plastics and Steel/AL. tubing fabrication",\n      "Source": "2022 Business Planning + Goals (page 1 - Master Plan 2022).pdf"\n    }\n  ]\n}\n```\n'}
2023-07-24 18:20:16.255296,{'type': 'progress_info', 'body': '- improving the brand\n'}
2023-07-24 18:20:16.486139,{'type': 'results_text', 'body': '#### topic: Customer Service'}
2023-07-24 18:20:27.842285,{'type': 'results_text', 'body': '##### Text Response\n```text\n'}
2023-07-24 18:20:27.842285,{'type': 'results_text', 'body': 'Based on the provided context, here are the objectives related to Customer Service for this company:\n\n1. Objective: Improve Consumer Customer Service (Tech and support)\n   - Function: Tech and support\n   - Description: Address the broken consumer customer service and improve its efficiency and effectiveness through zero-based approach.\n\n2. Objective: Re-engineer Customer Service from the bottom up\n   - Function: Customer Service\n   - Description: Implement a comprehensive re-engineering process to enhance the customer service experience and optimize its operations.\n\n3. Objective: Reduce Tech calls for replacement parts\n   - Function: Customer Service\n   - Description: Implement measures to reduce the number of technical calls for replacement parts by 50%, improving the efficiency of customer service.\n\nIf you cannot find specific objectives related to Customer Service, here are some relevant suggestions based on the context:\n\n1. Objective: Enhance customer satisfaction through improved response time\n   - Function: Customer Service\n   - Description: Implement strategies to reduce response time to customer inquiries and issues, aiming to enhance customer satisfaction.\n\n2. Objective: Streamline customer support processes\n   - Function: Customer Service\n   - Description: Identify and eliminate bottlenecks in customer support processes to improve efficiency and provide a seamless experience for customers.\n\n3. Objective: Implement customer feedback system\n   - Function: Customer Service\n   - Description: Establish a system to collect and analyze customer feedback, enabling the company to identify areas for improvement and enhance the overall customer service experience.\n\nSOURCES: C:\\Users\\Hendrix\\Documents\\GitHub\\strategy-ai\\backend\\strategy_ai\\available_data\\visible_files\\client_files\\2022 Business Planning + Goals.xlsx (Mater Plan 2021)\n```\n'}
2023-07-24 18:20:33.486771,{'type': 'results_text', 'body': '\n##### Function Response\n```text\n{\n  "objectives_list": [\n    {\n      "Verb": "Customer Service",\n      "Outcome": "Reduce back log and product shortages",\n      "Definition": "Increase product availability",\n      "Source": "2022 Business Planning + Goals.xlsx, Mater Plan 2022"\n    },\n    {\n      "Verb": "Customer Service",\n      "Outcome": "Improve Tech and support",\n      "Definition": "Zero-based approach",\n      "Source": "2022 Business Planning + Goals.xlsx, Mater Plan 2022"\n    },\n    {\n      "Verb": "Customer Service",\n      "Outcome": "Reduce tech calls for replacement parts",\n      "Definition": "Spare parts layout improvement",\n      "Source": "2022 Business Planning + Goals.xlsx, Goals"\n    }\n  ]\n}\n```\n'}
2023-07-24 18:20:33.486771,{'type': 'progress_info', 'body': '- Customer Service\n'}
2023-07-24 18:20:33.929315,{'type': 'results_text', 'body': '#### topic: Product Service/Functionality'}
2023-07-24 18:20:39.721945,{'type': 'results_text', 'body': '##### Text Response\n```text\n'}
2023-07-24 18:20:39.721945,{'type': 'results_text', 'body': "Based on the available context, I couldn't find specific objectives addressing Product Service/Functionality. However, I can provide some relevant suggestions based on the context:\n\n1. Improve product descriptions on Amazon: Enhance the accuracy and clarity of product descriptions on Amazon to attract more customers and increase sales.\n2. Reduce shipping costs: Implement strategies to lower the cost of shipping products, such as negotiating better rates with shipping providers or optimizing packaging.\n3. Increase sales of specific items: Develop visual selection guides or other marketing materials to promote and increase sales of specific products, such as UCO/Prefilters/Coupler/URP.\n\nPlease note that these suggestions are based on the available context and may not reflect the actual objectives of the company. For more accurate information, it would be best to refer to the complete business planning document.\n```\n"}
2023-07-24 18:20:49.078406,{'type': 'results_text', 'body': '\n##### Function Response\n```text\n{\n  "objectives_list": [\n    {\n      "Verb": "Increase",\n      "Outcome": "Air filter production",\n      "Definition": "Increase Air filter production, to 5K/Week",\n      "Source": "C:\\\\Users\\\\Hendrix\\\\Documents\\\\GitHub\\\\strategy-ai\\\\backend\\\\strategy_ai\\\\available_data\\\\visible_files\\\\client_files\\\\2022 Business Planning + Goals.xlsx, on page: Goals"\n    },\n    {\n      "Verb": "Increase",\n      "Outcome": "ExH C/B production",\n      "Definition": "Increase ExH C/B production to 500 CB/Wk.",\n      "Source": "C:\\\\Users\\\\Hendrix\\\\Documents\\\\GitHub\\\\strategy-ai\\\\backend\\\\strategy_ai\\\\available_data\\\\visible_files\\\\client_files\\\\2022 Business Planning + Goals.xlsx, on page: Goals"\n    },\n    {\n      "Verb": "Increase",\n      "Outcome": "AiS Kitting",\n      "Definition": "Increase AiS Kitting to 2.5K/Wk",\n      "Source": "C:\\\\Users\\\\Hendrix\\\\Documents\\\\GitHub\\\\strategy-ai\\\\backend\\\\strategy_ai\\\\available_data\\\\visible_files\\\\client_files\\\\2022 Business Planning + Goals.xlsx, on page: Goals"\n    }\n  ]\n}\n```\n'}
2023-07-24 18:20:49.078406,{'type': 'progress_info', 'body': '- Product Service/Functionality\n'}
2023-07-24 18:20:49.078406,{'type': 'progress_info', 'body': 'internal objectives complete:\n'}
2023-07-24 18:20:49.078406,{'type': 'results_text', 'body': '### Category: internal\n'}
2023-07-24 18:20:49.178062,{'type': 'results_text', 'body': '#### topic: Operational Excellence'}
2023-07-24 18:20:54.325145,{'type': 'results_text', 'body': '##### Text Response\n```text\n'}
2023-07-24 18:20:54.326145,{'type': 'results_text', 'body': "Based on the available context, I couldn't find any specific objectives addressing Operational Excellence for this company. However, I can provide some relevant suggestions based on the context:\n\n1. Improve production efficiency: Implement automation and technology to streamline production processes and increase productivity.\n2. Enhance supply chain management: Optimize inventory management, reduce lead times, and improve coordination with suppliers to ensure timely delivery of products.\n3. Implement quality control measures: Develop and implement quality control systems to ensure consistent product quality and reduce defects.\n\nThese suggestions align with the concept of Operational Excellence and can help the company improve its operational performance.\n```\n"}
2023-07-24 18:21:07.873859,{'type': 'results_text', 'body': '\n##### Function Response\n```text\n{\n  "objectives_list": [\n    {\n      "Verb": "Increase",\n      "Outcome": "Air filter production, to 5K/Week",\n      "Definition": "",\n      "Source": "2022 Business Planning + Goals.xlsx"\n    },\n    {\n      "Verb": "Increase",\n      "Outcome": "ExH C/B production to 500 CB/Wk.",\n      "Definition": "",\n      "Source": "2022 Business Planning + Goals.xlsx"\n    },\n    {\n      "Verb": "Increase",\n      "Outcome": "AiS Kitting to 2.5K/Wk",\n      "Definition": "",\n      "Source": "2022 Business Planning + Goals.xlsx"\n    },\n    {\n      "Verb": "Reduce",\n      "Outcome": "Backorder to less than 60 days",\n      "Definition": "",\n      "Source": "2022 Business Planning + Goals.xlsx"\n    },\n    {\n      "Verb": "Increase",\n      "Outcome": "Production",\n      "Definition": "",\n      "Source": "2022 Business Planning + Goals.xlsx"\n    },\n    {\n      "Verb": "Increase",\n      "Outcome": "our ability to produce products to fulfill the backorders and increase our service level",\n      "Definition": "",\n      "Source": "2022 Business Planning + Goals.xlsx"\n    },\n    {\n      "Verb": "Increase",\n      "Outcome": "Production",\n      "Definition": "",\n      "Source": "2022 Business Planning + Goals.xlsx"\n    },\n    {\n      "Verb": "Increase",\n      "Outcome": "production to 2,000 kits a week",\n      "Definition": "",\n      "Source": "2022 Business Planning + Goals.xlsx"\n    },\n    {\n      "Verb": "Improve",\n      "Outcome": "Robotic Production, get aggressive on high quality exhausts",\n      "Definition": "",\n      "Source": "2022 Business Planning + Goals.xlsx"\n    }\n  ]\n}\n```\n'}
2023-07-24 18:21:07.873859,{'type': 'progress_info', 'body': '- Operational Excellence\n'}
2023-07-24 18:21:08.409276,{'type': 'results_text', 'body': '#### topic: Product Innovation'}
2023-07-24 18:21:13.860914,{'type': 'results_text', 'body': '##### Text Response\n```text\n'}
2023-07-24 18:21:13.860914,{'type': 'results_text', 'body': 'Based on the provided context, here are the objectives addressing Product Innovation for this company:\n\n1. LC300 Platform: The objective is to grow the business by 20% using the LC300 platform.\n2. 50 New CPN Intakes: The objective is to introduce 50 new CPN (Customer Part Number) intakes.\n3. 75 New C/B Exhaust: The objective is to develop and launch 75 new C/B (Customer/Business) exhaust products.\n\nThese objectives are mentioned in the "Goals" section of the "2022 Business Planning + Goals" document.\n\nSOURCES: C:\\Users\\Hendrix\\Documents\\GitHub\\strategy-ai\\backend\\strategy_ai\\available_data\\visible_files\\client_files\\2022 Business Planning + Goals.xlsx (Goals)\n```\n'}
2023-07-24 18:21:19.060441,{'type': 'results_text', 'body': '\n##### Function Response\n```text\n{\n  "objectives_list": [\n    {\n      "Verb": "Grow business by 20%",\n      "Outcome": "",\n      "Definition": "",\n      "Source": "C:\\\\Users\\\\Hendrix\\\\Documents\\\\GitHub\\\\strategy-ai\\\\backend\\\\strategy_ai\\\\available_data\\\\visible_files\\\\client_files\\\\2022 Business Planning + Goals.xlsx"\n    },\n    {\n      "Verb": "Improve cashflow",\n      "Outcome": "",\n      "Definition": "",\n      "Source": "C:\\\\Users\\\\Hendrix\\\\Documents\\\\GitHub\\\\strategy-ai\\\\backend\\\\strategy_ai\\\\available_data\\\\visible_files\\\\client_files\\\\2022 Business Planning + Goals.xlsx"\n    }\n  ]\n}\n```\n'}
2023-07-24 18:21:19.060441,{'type': 'progress_info', 'body': '- Product Innovation\n'}
2023-07-24 18:21:19.870421,{'type': 'results_text', 'body': '#### topic: Regulatory Compliance'}
2023-07-24 18:21:26.254371,{'type': 'results_text', 'body': '##### Text Response\n```text\n'}
2023-07-24 18:21:26.254371,{'type': 'results_text', 'body': "Based on the provided context, I couldn't find any specific objectives addressing Regulatory Compliance. However, based on the context, here are some relevant suggestions for objectives related to Regulatory Compliance:\n\n1. Ensure compliance with all applicable regulations and standards: Develop and implement processes and procedures to ensure that the company complies with all relevant regulatory requirements and industry standards.\n\n2. Conduct regular audits and assessments: Establish a system for conducting regular audits and assessments to identify any potential compliance issues and take appropriate corrective actions.\n\n3. Stay updated on regulatory changes: Establish a process to monitor and stay updated on any changes in regulations and standards that may impact the company's operations, and ensure timely compliance with these changes.\n\nPlease note that these suggestions are based on the context provided and may not reflect the actual objectives of the company. It is recommended to refer to the company's official documents or consult with relevant stakeholders for accurate information on their objectives related to Regulatory Compliance.\n\n\n```\n"}
2023-07-24 18:21:29.333205,{'type': 'results_text', 'body': '\n##### Function Response\n```text\n{\n  "objectives_list": [\n    {\n      "Verb": "Simplify and streamline",\n      "Outcome": "shipping",\n      "Definition": "",\n      "Source": "Week #44"\n    },\n    {\n      "Verb": "Start placing systems in places",\n      "Outcome": "",\n      "Definition": "",\n      "Source": "Week #44"\n    }\n  ]\n}\n```\n'}
2023-07-24 18:21:29.333205,{'type': 'progress_info', 'body': '- Regulatory Compliance\n'}
2023-07-24 18:21:29.783646,{'type': 'results_text', 'body': '#### topic: Customer Intimacy'}
2023-07-24 18:21:34.641365,{'type': 'results_text', 'body': '##### Text Response\n```text\n'}
2023-07-24 18:21:34.641365,{'type': 'results_text', 'body': "Based on the available context, I couldn't find specific objectives addressing Customer Intimacy for this company. However, I can provide some relevant suggestions based on the context:\n\n1. Improve customer experience: Reduce waiting time, reduce calls for order status, and eliminate hassle for issuing customer credit back.\n2. Increase customer retention: Implement strategies to retain existing customers and build long-term relationships.\n3. Enhance customer satisfaction: Focus on understanding customer needs and preferences, and tailor products and services to meet their expectations.\n\nThese suggestions aim to improve customer intimacy by prioritizing customer satisfaction and building strong relationships with customers.\n```\n"}
2023-07-24 18:21:43.559338,{'type': 'results_text', 'body': '\n##### Function Response\n```text\n{\n  "objectives_list": [\n    {\n      "Verb": "1. Amazon description improved",\n      "Outcome": "Amazon cancellation reduced by 50%",\n      "Definition": "",\n      "Source": "2022 Business Planning + Goals.xlsx"\n    },\n    {\n      "Verb": "2. Export Orders shipped quicker",\n      "Outcome": "99% Orders shipped 13 Wks",\n      "Definition": "",\n      "Source": "2022 Business Planning + Goals.xlsx"\n    },\n    {\n      "Verb": "3. Shipping cost lowered",\n      "Outcome": "Cost of shipping under $50, limit $5",\n      "Definition": "",\n      "Source": "2022 Business Planning + Goals.xlsx"\n    },\n    {\n      "Verb": "4. Spare parts layout",\n      "Outcome": "Tech calls for replacement parts reduced by 50%",\n      "Definition": "",\n      "Source": "2022 Business Planning + Goals.xlsx"\n    },\n    {\n      "Verb": "5. UCO/Prefilters/Coupler/URP.. Visual selection guide",\n      "Outcome": "Sales of items increase by 100%",\n      "Definition": "",\n      "Source": "2022 Business Planning + Goals.xlsx"\n    }\n  ]\n}\n```\n'}
2023-07-24 18:21:43.559338,{'type': 'progress_info', 'body': '- Customer Intimacy\n'}
2023-07-24 18:21:43.559338,{'type': 'progress_info', 'body': 'enabler objectives complete:\n'}
2023-07-24 18:21:43.559338,{'type': 'results_text', 'body': '### Category: enabler\n'}
2023-07-24 18:21:44.108544,{'type': 'results_text', 'body': '#### topic: Strategic Assets'}
2023-07-24 18:21:50.358904,{'type': 'results_text', 'body': '##### Text Response\n```text\n'}
2023-07-24 18:21:50.358904,{'type': 'results_text', 'body': "Based on the provided context, I couldn't find any specific objectives addressing Strategic Assets. However, I can provide some relevant suggestions based on the context:\n\n1. Improve inventory management: Implement strategies to optimize inventory levels, reduce shortages, and improve overall inventory accuracy. This can involve implementing inventory tracking systems, improving forecasting methods, and establishing efficient replenishment processes.\n\n2. Enhance production capabilities: Invest in technology and automation to increase production capacity and efficiency. This can include implementing production automation systems, streamlining processes, and exploring opportunities for outsourcing or partnerships to expand production capabilities.\n\n3. Strengthen supply chain resilience: Address the challenges related to supply chain disruptions and shortages by diversifying suppliers, improving supplier relationships, and implementing risk management strategies. This can involve conducting regular supplier assessments, establishing backup suppliers, and implementing contingency plans.\n\nThese suggestions aim to improve the company's strategic assets by focusing on areas such as inventory management, production capabilities, and supply chain resilience.\n```\n"}
2023-07-24 18:22:11.282006,{'type': 'results_text', 'body': '\n##### Function Response\n```text\n{\n  "objectives_list": [\n    {\n      "Verb": "Building",\n      "Outcome": "FG inventory",\n      "Definition": "Technology, Automation, SAW, capitalize on Fox/King backorders. Need programs, inventory & new applications",\n      "Source": "C:\\\\Users\\\\Hendrix\\\\Documents\\\\GitHub\\\\strategy-ai\\\\backend\\\\strategy_ai\\\\available_data\\\\visible_files\\\\client_files\\\\2022 Business Planning + Goals.xlsx, on page: Week #44"\n    },\n    {\n      "Verb": "Increase",\n      "Outcome": "Production",\n      "Definition": "Look to find people and/or processes to eliminate myself (succession plan)",\n      "Source": "C:\\\\Users\\\\Hendrix\\\\Documents\\\\GitHub\\\\strategy-ai\\\\backend\\\\strategy_ai\\\\available_data\\\\visible_files\\\\client_files\\\\2022 Business Planning + Goals.xlsx, on page: Week #44"\n    },\n    {\n      "Verb": "Increase",\n      "Outcome": "Production",\n      "Definition": "Increase our ability to produce products to fulfill the backorders and increase our service level.",\n      "Source": "C:\\\\Users\\\\Hendrix\\\\Documents\\\\GitHub\\\\strategy-ai\\\\backend\\\\strategy_ai\\\\available_data\\\\visible_files\\\\client_files\\\\2022 Business Planning + Goals.xlsx, on page: Week #44"\n    },\n    {\n      "Verb": "Increase",\n      "Outcome": "Production",\n      "Definition": "Increase production",\n      "Source": "C:\\\\Users\\\\Hendrix\\\\Documents\\\\GitHub\\\\strategy-ai\\\\backend\\\\strategy_ai\\\\available_data\\\\visible_files\\\\client_files\\\\2022 Business Planning + Goals.xlsx, on page: Week #44"\n    },\n    {\n      "Verb": "Increase",\n      "Outcome": "Production",\n      "Definition": "Increase our ability to produce products to fulfill the backorders and increase our service level.",\n      "Source": "C:\\\\Users\\\\Hendrix\\\\Documents\\\\GitHub\\\\strategy-ai\\\\backend\\\\strategy_ai\\\\available_data\\\\visible_files\\\\client_files\\\\2022 Business Planning + Goals.xlsx, on page: Week #44"\n    },\n    {\n      "Verb": "Increase",\n      "Outcome": "Production",\n      "Definition": "Increase our ability to produce products to fulfill the backorders and increase our service level.",\n      "Source": "C:\\\\Users\\\\Hendrix\\\\Documents\\\\GitHub\\\\strategy-ai\\\\backend\\\\strategy_ai\\\\available_data\\\\visible_files\\\\client_files\\\\2022 Business Planning + Goals.xlsx, on page: Week #44"\n    },\n    {\n      "Verb": "Increase",\n      "Outcome": "Production",\n      "Definition": "Increase our ability to produce products to fulfill the backorders and increase our service level.",\n      "Source": "C:\\\\Users\\\\Hendrix\\\\Documents\\\\GitHub\\\\strategy-ai\\\\backend\\\\strategy_ai\\\\available_data\\\\visible_files\\\\client_files\\\\2022 Business Planning + Goals.xlsx, on page: Week #44"\n    }\n  ]\n}\n```\n'}
2023-07-24 18:22:11.282006,{'type': 'progress_info', 'body': '- Strategic Assets\n'}
2023-07-24 18:22:11.863618,{'type': 'results_text', 'body': '#### topic: building a climate for action'}
2023-07-24 18:22:16.116618,{'type': 'results_text', 'body': '##### Text Response\n```text\n'}
2023-07-24 18:22:16.116618,{'type': 'results_text', 'body': "Based on the provided context, I couldn't find any specific objectives addressing building a climate for action. However, I can provide some relevant suggestions based on the context:\n\n1. Improve Communication: Enhance communication channels and processes within the company to ensure that plans and strategies are effectively communicated and executed.\n\n2. Foster Collaboration: Encourage collaboration and teamwork across different departments and teams to create a culture of shared responsibility and collective action.\n\n3. Enhance Employee Engagement: Implement initiatives to increase employee engagement and motivation, such as employee recognition programs, training and development opportunities, and creating a positive work environment.\n\nThese suggestions can help create a climate for action within the company, even though they may not be explicitly mentioned in the provided context.\n```\n"}
2023-07-24 18:22:27.094890,{'type': 'results_text', 'body': '\n##### Function Response\n```text\n{\n  "objectives_list": [\n    {\n      "Verb": "Increase",\n      "Outcome": "Production",\n      "Definition": "Increase our ability to produce products to fulfill the backorders and increase our service level.",\n      "Source": "C:\\\\Users\\\\Hendrix\\\\Documents\\\\GitHub\\\\strategy-ai\\\\backend\\\\strategy_ai\\\\available_data\\\\visible_files\\\\client_files\\\\2022 Business Planning + Goals.xlsx, on page: Week #44"\n    },\n    {\n      "Verb": "Improve",\n      "Outcome": "Customer experience",\n      "Definition": "Reduce waiting time, reduce calls for order status, eliminate hassle for issuing customer their credit back.",\n      "Source": "C:\\\\Users\\\\Hendrix\\\\Documents\\\\GitHub\\\\strategy-ai\\\\backend\\\\strategy_ai\\\\available_data\\\\visible_files\\\\client_files\\\\2022 Business Planning + Goals (page 1 - Master Plan 2022).pdf, on page: None"\n    },\n    {\n      "Verb": "Increase",\n      "Outcome": "capabilities",\n      "Definition": "Not depend on other channels to operate and be profitable.",\n      "Source": "C:\\\\Users\\\\Hendrix\\\\Documents\\\\GitHub\\\\strategy-ai\\\\backend\\\\strategy_ai\\\\available_data\\\\visible_files\\\\client_files\\\\2022 Business Planning + Goals.xlsx, on page: Mater Plan 2022"\n    }\n  ]\n}\n```\n'}
2023-07-24 18:22:27.094890,{'type': 'progress_info', 'body': '- building a climate for action\n'}
2023-07-24 18:22:27.674713,{'type': 'results_text', 'body': '#### topic: attracting, retaining, and developing talent'}
2023-07-24 18:22:33.566900,{'type': 'results_text', 'body': '##### Text Response\n```text\n'}
2023-07-24 18:22:33.566900,{'type': 'results_text', 'body': "Based on the provided context, I couldn't find any specific objectives addressing attracting, retaining, and developing talent. However, I can provide some relevant suggestions based on the context:\n\n1. Improve Staffing and Retention: Develop strategies to attract and retain qualified personnel, such as implementing competitive compensation packages, offering career development opportunities, and creating a positive work culture.\n\n2. Enhance Training and Development Programs: Invest in training and development programs to enhance the skills and capabilities of existing employees. This can include providing ongoing training, mentorship programs, and opportunities for professional growth.\n\n3. Streamline Recruitment Processes: Improve the efficiency and effectiveness of the recruitment process by implementing technology and automation to attract and identify top talent. This can include leveraging applicant tracking systems, conducting targeted recruitment campaigns, and utilizing data analytics to optimize recruitment strategies.\n\nPlease note that these suggestions are based on the context provided and may not reflect the actual objectives of the company.\n```\n"}
2023-07-24 18:22:43.814336,{'type': 'results_text', 'body': '\n##### Function Response\n```text\n{\n  "objectives_list": [\n    {\n      "Verb": "Staffing",\n      "Outcome": "Retaining Employees",\n      "Definition": "Finding and keeping qualified personnel",\n      "Source": "C:\\\\Users\\\\Hendrix\\\\Documents\\\\GitHub\\\\strategy-ai\\\\backend\\\\strategy_ai\\\\available_data\\\\visible_files\\\\client_files\\\\2022 Business Planning + Goals.xlsx, on page: Week #44"\n    },\n    {\n      "Verb": "Hire",\n      "Outcome": "Shipping & Purchasing Managers",\n      "Definition": "Recruit and onboard managers for shipping and purchasing roles",\n      "Source": "C:\\\\Users\\\\Hendrix\\\\Documents\\\\GitHub\\\\strategy-ai\\\\backend\\\\strategy_ai\\\\available_data\\\\visible_files\\\\client_files\\\\2022 Business Planning + Goals.xlsx, on page: Week #44"\n    },\n    {\n      "Verb": "Retrain",\n      "Outcome": "Hourly personnel",\n      "Definition": "Provide additional training to hourly employees to reinforce company culture",\n      "Source": "C:\\\\Users\\\\Hendrix\\\\Documents\\\\GitHub\\\\strategy-ai\\\\backend\\\\strategy_ai\\\\available_data\\\\visible_files\\\\client_files\\\\2022 Business Planning + Goals.xlsx, on page: Week #44"\n    }\n  ]\n}\n```\n'}
2023-07-24 18:22:43.814336,{'type': 'progress_info', 'body': '- attracting, retaining, and developing talent\n'}
