2023-08-03 01:27:56.169580,"{'type': 'message', 'body': 'Starting task t2_assessment, uuid: 8d6d5704-beac-4976-824a-4f8855be391b.'}"
2023-08-03 01:27:56.169580,"{'type': 'message', 'body': 'Running task ASSESSMENT, uuid: 8d6d5704-beac-4976-824a-4f8855be391b.'}"
2023-08-03 01:27:56.169580,"{'type': 'results_text', 'body': "## Feasibility Assessment on the company's goals"}"
2023-08-03 01:27:56.170580,"{'type': 'progress_info', 'body': 'increase sales revenue by 20% compared to last year (from 10M to 12M); actions assessed:'}"
2023-08-03 01:27:56.170580,"{'type': 'results_text', 'body': '### Goal Assessment for: increase sales revenue by 20% compared to last year (from 10M to 12M)'}"
2023-08-03 01:27:57.980510,"{'type': 'results_text', 'body': '#### Action: increase headcount'}"
2023-08-03 01:28:07.001109,"{'type': 'results_text', 'body': "Based on the available information, the company's plans or actions to increase headcount are not explicitly mentioned. Therefore, it is not possible to provide specific points regarding what the company is doing or planning to do to increase headcount.\n\nHowever, based on the information provided, we can make some general observations:\n\n- To increase headcount, the company may need to focus on expanding its operations, such as market expansion and penetration (mentioned in the first context result). This could involve establishing distribution centers, forging partnerships with retailers and carriers, and implementing aggressive marketing campaigns. These actions may require additional resources such as hiring sales and marketing teams, logistics personnel, and support staff.\n\n- The company may also need to invest in research and development (R&D) to innovate and introduce new products, as mentioned in the first context result. This could require hiring more employees in the R&D department.\n\n- In terms of regulations, the company needs to ensure compliance with Canadian regulations, as mentioned in the fourth context result. Specific regulations related to hiring and employment practices may need to be followed.\n\n- It is not mentioned in the available information what similar things competing businesses have done to increase headcount. Therefore, we cannot provide specific examples of what competitors have done in this regard.\n\nOverall, without specific information about the company's plans or actions to increase headcount, it is difficult to provide detailed answers to the questions regarding the impact, additional resources required, regulations, and similar actions by competitors."}"
2023-08-03 01:28:07.002105,"{'type': 'results_text', 'body': '#### Action: increase price'}"
2023-08-03 01:28:07.002105,"{'type': 'results_text', 'body': "Based on the provided context, there is no specific information about the company's plans to increase prices. The context mainly focuses on TechConnect's strategies for achieving revenue goals, market expansion, product diversification, marketing campaigns, partnerships, innovation, and brand value. Therefore, it is not possible to provide a list of actions related to increasing prices or answer the additional questions."}"
2023-08-03 01:28:07.003130,"{'type': 'results_text', 'body': '#### Action: enter new markets'}"
2023-08-03 01:28:07.003130,"{'type': 'results_text', 'body': "Based on the available information, here are the things that TechConnect is doing or planning to do to enter new markets:\n\n1. Market Expansion and Penetration: TechConnect plans to establish distribution centers strategically located in key regions across the US. They will forge partnerships with major retailers and carriers to ensure their smartphones are easily accessible to consumers nationwide. This strategy will likely make a difference as it allows TechConnect to reach a wider customer base and increase brand visibility. Additional resources required for this include setting up distribution centers, forming partnerships, and investing in marketing campaigns. The company needs to follow regulations related to distribution, partnerships, and marketing in the target markets. Competing businesses have also focused on expanding their market presence through partnerships and aggressive marketing campaigns.\n\nIt's important to note that the available information may not provide a comprehensive overview of all the actions TechConnect is taking or planning to enter new markets. For a more detailed analysis, additional information would be needed."}"
2023-08-03 01:28:07.004137,"{'type': 'results_text', 'body': '#### Action: introduce new products'}"
2023-08-03 01:28:07.412403,"{'type': 'results_text', 'body': "Based on the available context, here are the things that the company, TechConnect, is doing or has planned to do to introduce new products:\n\n1. Product Diversification: TechConnect plans to introduce a diverse range of smartphones and smart devices to cater to different customer segments. This includes flagship smartphones with cutting-edge features to attract tech enthusiasts and mid-range devices. (No information is provided about the impact on previous years or competitors, additional resources required, regulations, or similar actions by competitors.)\n\nTo answer the additional questions for this point:\n- Will this make a difference? It is likely that product diversification can make a difference by attracting different customer segments and expanding the company's market reach.\n- What additional resources does the company require? The company may require resources for research and development, manufacturing, marketing, and distribution to carry out product diversification effectively.\n- What regulations need to be followed? The specific regulations that need to be followed for introducing new products may vary depending on the industry and region. TechConnect would need to comply with relevant regulations related to product safety, labeling, and any other applicable laws.\n- What similar things have competing businesses done? Without specific information about competitors, it is not possible to determine the exact actions taken by competing businesses. However, it is common for companies in the smartphone industry to introduce new products and diversify their product offerings to stay competitive.\n\nPlease note that the provided context does not provide comprehensive information about all the actions taken by the company or its competitors. Additional information would be needed to provide a more detailed analysis."}"
2023-08-03 01:28:07.415322,"{'type': 'results_text', 'body': '#### Action: combination'}"
2023-08-03 01:28:16.824226,"{'type': 'results_text', 'body': "Based on the available context, here are the things that the company, TechConnect, is doing or has planned to do to carry out the action of combination:\n\n1. Market Expansion and Penetration: TechConnect plans to expand its market presence in the US by establishing distribution centers strategically located in key regions across the country. They will forge partnerships with major retailers and carriers to ensure their smartphones are easily accessible to consumers nationwide. This will be supported by aggressive marketing campaigns and promotional activities to raise brand awareness and drive demand for their products.\n\n- Will this make a difference? Expanding market presence and forging partnerships can help TechConnect increase its market share and reach a wider customer base. This can potentially lead to increased sales and revenue.\n\n- Additional resources required: TechConnect may require additional resources such as investment for establishing distribution centers, marketing budgets for campaigns, and resources for managing partnerships.\n\n- Regulations to follow: TechConnect will need to comply with regulations related to distribution, partnerships, and marketing activities in the US market.\n\n- Similar actions by competitors: Competing businesses in the smartphone industry have also focused on market expansion, partnerships with retailers and carriers, and aggressive marketing campaigns to increase their market share and reach.\n\n2. Product Diversification: TechConnect plans to introduce a diverse range of smartphones and smart devices to cater to different customer segments. This includes flagship smartphones with cutting-edge features to attract tech enthusiasts, as well as mid-range devices.\n\n- Will this make a difference? Introducing a diverse range of products can help TechConnect attract a wider customer base and cater to different market segments. This can potentially lead to increased sales and revenue.\n\n- Additional resources required: TechConnect may require resources for research and development, product design, manufacturing, and marketing to support the introduction of new products.\n\n- Regulations to follow: TechConnect will need to comply with regulations related to product safety, certifications, and intellectual property rights.\n\n- Similar actions by competitors: Competing businesses in the smartphone industry have also focused on product diversification to cater to different customer segments and stay competitive in the market.\n\n3. Sustainable Practices and Social Responsibility: TechConnect plans to implement eco-friendly manufacturing practices, focus on recycling and reducing waste, and emphasize their commitment to environmental and social causes.\n\n- Will this make a difference? Implementing sustainable practices and emphasizing social responsibility can enhance brand loyalty and resonate with conscious consumers. This can potentially differentiate TechConnect from competitors and attract environmentally conscious customers.\n\n- Additional resources required: TechConnect may require resources for implementing eco-friendly manufacturing practices, waste management systems, and initiatives related to social causes.\n\n- Regulations to follow: TechConnect will need to comply with regulations related to environmental sustainability, waste management, and social responsibility.\n\n- Similar actions by competitors: Competing businesses in various industries have also been implementing sustainable practices and emphasizing social responsibility to meet consumer expectations and regulatory requirements.\n\nIt's important to note that the specific actions, impact, resource requirements, and regulations may vary based on the industry, market conditions, and the company's specific strategies and goals. The provided information is based on the available context and may not capture all the details."}"
2023-08-03 01:28:16.826238,"{'type': 'results_text', 'body': '#### Action: increase customer retention / decrease churn'}"
2023-08-03 01:28:16.826238,"{'type': 'results_text', 'body': "Based on the available information, the company's strategy to increase customer retention or decrease churn is not explicitly mentioned. The provided context focuses on the company's revenue goals and their plans for market expansion, product diversification, innovation, sustainable practices, and strategic marketing partnerships. There is no specific mention of customer retention or churn reduction.\n\nTherefore, it is not possible to answer the questions regarding the impact on customer retention, additional resources required, regulations to follow, or similar actions taken by competing businesses. The information provided does not address these specific aspects."}"
2023-08-03 01:28:16.826238,"{'type': 'message', 'body': 'Finished task t2_assessment, uuid: 8d6d5704-beac-4976-824a-4f8855be391b. It took 0:00:20.656658.'}"
